INSERT into users (id, username, password, image) VALUES (1, 'spring', '1234', 'https://wafflestudio.com/images/icon_intro.svg');

INSERT into artists (id, name) VALUES (1, 'Olivia Rodrigo'),
(2, 'Doja Cat'),
(3, 'Dua Lipa'),
(4, 'Taylor Swift'),
(5, 'The Chicks'),
(6, 'Brendon Urie'),
(7, 'Panic! At The Disco'),
(8, '정국'),
(9, 'Latto'),
(10, 'Miley Cyrus'),
(11, 'Selena Gomez'),
(12, 'The Weeknd'),
(13, 'Playboi Carti'),
(14, 'Madonna'),
(15, 'Cardi B'),
(16, 'Megan Thee Stallion'),
(17, 'Billie Eilish'),
(18, 'NewJeans'),
(19, 'Nicki Minaj'),
(20, 'Ice Spice'),
(21, 'Aqua'),
(22, 'Post Malone'),
(23, 'Zach Bryan'),
(24, 'The War and Treaty'),
(25, 'Sierra Ferrell'),
(26, 'Kacey Musgraves'),
(27, 'The Lumineers'),
(28, 'Rema'),
(29, 'Gunna'),
(30, 'SZA'),
(31, 'Don Toliver'),
(32, 'Phoebe Bridgers'),
(33, 'Travis Scott'),
(34, 'Ol'' Dirty Bastard'),
(35, 'Myke Towers'),
(36, 'Daddy Yankee'),
(37, 'Ozuna'),
(38, 'Chita'),
(39, 'J Balvin'),
(40, 'Arcángel'),
(41, 'Teezo Touchdown'),
(42, 'Drake'),
(43, 'Beyoncé'),
(44, 'Rob49'),
(45, '21 Savage'),
(46, 'Swae Lee'),
(47, 'Yung Lean'),
(48, 'Dave Chappelle'),
(49, 'Young Thug'),
(50, 'Westside Gunn'),
(51, 'Kid Cudi'),
(52, 'Bad Bunny'),
(53, 'Future'),
(54, 'James Blake'),
(55, 'Lil Tecca'),
(56, 'Kodak Black'),
(57, 'Quavo'),
(58, 'Central Cee'),
(59, 'Young Nudy'),
(60, 'Sexyy Red'),
(61, 'Rundown Spaz'),
(62, 'Lil Wayne'),
(63, 'Lil Uzi Vert'),
(64, 'Snow Strippers'),
(65, 'Bring Me The Horizon'),
(66, 'BABYMETAL'),
(67, 'Offset'),
(68, 'Joyner Lucas'),
(69, 'Gucci Mane'),
(70, 'J. Cole'),
(71, 'Mike WiLL Made-It'),
(72, 'Yak Gotti'),
(73, 'Bslime'),
(74, 'Lil Gotit'),
(75, 'Nate Ruess'),
(76, 'NLE Choppa'),
(77, 'A Boogie Wit da Hoodie'),
(78, 'Rylo Rodriguez'),
(79, 'EST Gee'),
(80, 'Lil Baby'),
(81, 'Fridayy'),
(82, 'Lil Durk'),
(83, 'Lil Yachty'),
(84, 'NoCap'),
(85, 'Lil Poppa'),
(86, 'Tyler, The Creator'),
(87, 'Rex Orange County'),
(88, 'Frank Ocean'),
(89, 'Kali Uchis'),
(90, 'A$AP Rocky'),
(91, 'Jaden'),
(92, 'Estelle'),
(93, 'Anna of the North'),
(94, 'Steve Lacy'),
(95, 'Daft Punk'),
(96, 'Lana Del Rey'),
(97, 'Kendrick Lamar'),
(98, 'The Neighbourhood'),
(99, 'Tom Odell'),
(100, 'Khalid'),
(101, 'Lewis Capaldi'),
(102, 'Bruno Mars'),
(103, 'Imagine Dragons'),
(104, 'Harry Styles'),
(105, 'Ed Sheeran'),
(106, 'Arctic Monkeys'),
(107, 'Miguel'),
(108, 'DaBaby'),
(109, 'Halsey'),
(110, 'Meek Mill'),
(111, 'Ozzy Osbourne'),
(112, 'PARTYNEXTDOOR'),
(113, 'dvsn'),
(114, 'Pimp C'),
(115, 'Wizkid'),
(116, 'Kyla'),
(117, 'Rihanna'),
(118, 'Majid Jordan'),
(119, 'One Direction'),
(120, 'Lynyrd Skynyrd'),
(121, 'Guns N'' Roses'),
(122, 'Steve Miller Band'),
(123, 'Fleetwood Mac'),
(124, 'Queen'),
(125, 'The Animals'),
(126, 'The Rolling Stones'),
(127, 'Blondie'),
(128, 'Aerosmith'),
(129, 'Tom Petty'),
(130, 'The Cranberries'),
(131, 'Stone Temple Pilots'),
(132, 'Led Zeppelin'),
(133, 'Eagles'),
(134, 'AC/DC'),
(135, 'ZZ Top'),
(136, 'Radiohead'),
(137, 'Nirvana'),
(138, 'The Police'),
(139, 'David Kushner'),
(140, 'Bon Iver'),
(141, 'Stephen Sanchez'),
(142, 'Em Beihold'),
(143, 'Laufey'),
(144, 'Benson Boone'),
(145, 'Conan Gray'),
(146, 'Kanye West'),
(147, 'Tems'),
(148, 'Lizzy McAlpine'),
(149, 'Jacob Collier'),
(150, 'Ben Kessler'),
(151, 'Laura Elliott'),
(152, 'FINNEAS'),
(153, 'Joji'),
(154, 'Tate McRae'),
(155, 'Mora'),
(156, 'Yandel'),
(157, 'Saiko'),
(158, 'RaiNao'),
(159, 'Dei V'),
(160, 'Alvaro Diaz'),
(161, 'KAROL G'),
(162, 'Peso Pluma'),
(163, 'Cris Mj'),
(164, 'Ryan Castro'),
(165, 'Young Miko'),
(166, 'Tiësto'),
(167, 'Quevedo'),
(168, 'Jhayco'),
(169, 'Feid'),
(170, 'ICON'),
(171, 'Yng Lvcas'),
(172, 'Carin Leon'),
(173, 'Calle 24'),
(174, 'Chino Pacas'),
(175, 'Fuerza Regida'),
(176, 'ROSALÍA'),
(177, 'Rauw Alejandro'),
(178, 'Manuel Turizo'),
(179, 'Grupo Frontera'),
(180, 'Jasiel Nuñez'),
(181, 'Junior H'),
(182, 'Eladio Carrion'),
(183, 'Natanael Cano'),
(184, 'Blessd'),
(185, 'Tito Double P'),
(186, 'Edgardo Nuñez'),
(187, 'Los Dareyes De La Sierra'),
(188, 'Luis R Conriquez'),
(189, 'Gabito Ballesteros'),
(190, 'Maluma'),
(191, 'Los Tucanes De Tijuana'),
(192, 'Eden Muñoz'),
(193, 'SOG'),
(194, 'Emilia'),
(195, 'Angèle'),
(196, 'Glass Animals'),
(197, 'Denzel Curry'),
(198, 'The Kid LAROI'),
(199, 'Justin Bieber'),
(200, 'Rosa Linn'),
(201, 'Bizarrap'),
(202, 'Shakira'),
(203, 'Calvin Harris'),
(204, 'Alec Benjamin'),
(205, 'Macroix'),
(206, 'Jonas Sandberg'),
(207, 'South Noon'),
(208, 'Gabriel Derus'),
(209, 'Aiden Gaarder'),
(210, 'Mystery Ark'),
(211, 'Treasures Meditation Flow'),
(212, 'Pollux Pluto'),
(213, 'Frej Simdo'),
(214, 'Ceylan Aydem Project'),
(215, 'Phobic'),
(216, 'Cardi Mist'),
(217, 'Aquilonius'),
(218, 'Sohn Aelia'),
(219, 'Maria Botican'),
(220, 'Nicolaj Stavrenko'),
(221, 'Garcíia'),
(222, 'Rhinestone Block'),
(223, 'Reiki Akoya'),
(224, 'Elsa Gudmundsdottir'),
(225, 'Diya Wiler'),
(226, 'Warren Blues'),
(227, 'Alba Lie'),
(228, 'The Sleep Crew'),
(229, 'Gabby Laurent'),
(230, 'Spheres'),
(231, 'Mari Cafferty'),
(232, 'Salvation Hildersham'),
(233, 'Najia'),
(234, 'Blissful Dreams'),
(235, 'Merc La'),
(236, 'Elise Ryen'),
(237, 'Albert Lockwood'),
(238, 'Nils Schreiber'),
(239, 'By Lotus'),
(240, 'Olivier Lupin'),
(241, 'Aari Kumar'),
(242, 'Zen Wuan'),
(243, 'Janet Redger'),
(244, 'Allysium'),
(245, 'Jozef De Schutter'),
(246, 'Elfrieda'),
(247, 'Luiza Schmidt'),
(248, 'Polly Carter'),
(249, 'Felix Tanguy'),
(250, 'Ambrosiae'),
(251, 'Ron Adelaar'),
(252, 'Jan Thiel'),
(253, 'Emanuel Fremont'),
(254, 'Ole-Bjørn Talstad'),
(255, 'Thomas Perceval'),
(256, 'Alfons Daiminger'),
(257, 'North Connolly'),
(258, 'Oscar Mallen'),
(259, 'Moleno'),
(260, 'Frederico Morales'),
(261, 'Lorenzo Fiore'),
(262, 'Lynx XII'),
(263, 'Josef Briem'),
(264, 'Auðura'),
(265, 'Tall Towers'),
(266, 'Sun Of They'),
(267, 'Imala Zir'),
(268, 'Imber Sun'),
(269, 'Far & Beyond'),
(270, 'BBG''s'),
(271, 'Isaak Young'),
(272, 'Louaminé'),
(273, 'Garden Collective'),
(274, 'Shape Of Our Dreams'),
(275, 'Tranquil Oasis'),
(276, 'Amaranth Cove'),
(277, 'Dance Of Centuries'),
(278, 'Haltura Arnadottir'),
(279, 'Con Alma'),
(280, 'Seth Fernsby'),
(281, 'Norman Dück'),
(282, 'Tankeflukt'),
(283, 'Luca Bissette'),
(284, 'Clemens Christian Poetzsch'),
(285, 'Crimson Memoirs'),
(286, 'Sarah Watson'),
(287, 'Noemi Lucas'),
(288, 'Jacob David'),
(289, 'Sara Hoffman'),
(290, 'Josh Jacobson'),
(291, 'Flóki'),
(292, 'Vincent Pino'),
(293, 'Carmelito'),
(294, 'Dylan Charbeneau'),
(295, 'Charly Martin'),
(296, 'Treman'),
(297, 'Fed Nance'),
(298, 'byJ.'),
(299, 'Bird Svensøn'),
(300, 'Yoga at the Disco'),
(301, 'Floating Anarchy'),
(302, 'Kairoh'),
(303, 'Rio Nilo'),
(304, 'Transparent Man'),
(305, 'Drips Zacheer'),
(306, 'UKDD'),
(307, 'Somebody''s Son'),
(308, 'Silva Sax'),
(309, 'Pistachio'),
(310, 'Oilix'),
(311, 'Nine x Nine'),
(312, 'Slowmo Friends'),
(313, 'Jules Hiero'),
(314, 'Nokiaa'),
(315, 'Shield'),
(316, 'Lamar Azul'),
(317, 'Oslo'),
(318, 'Noah Park'),
(319, 'Tonic Walter'),
(320, 'Agents Of Time'),
(321, 'AK'),
(322, 'Faodail'),
(323, 'Tinlicker'),
(324, 'Dosem'),
(325, 'S.ONE'),
(326, 'Nora En Pure'),
(327, 'Lstn'),
(328, 'Spencer Brown'),
(329, 'Ben Böhmer'),
(330, 'Ann Clue'),
(331, 'Rebūke'),
(332, 'Kris Davis'),
(333, 'Fabio Vanore'),
(334, 'Sainte Vie'),
(335, 'Sans Souci'),
(336, 'JAMIIE'),
(337, 'DJEFF'),
(338, 'Corren Cavini'),
(339, 'Philipp Wolf'),
(340, 'Nora Van Elken'),
(341, 'Vanita'),
(342, 'Howard Shore'),
(343, 'Edward Ross'),
(344, 'Enya'),
(345, 'Jeremy Soule'),
(346, 'James Newton Howard'),
(347, 'BBC Scottish Symphony Orchestra'),
(348, 'Randy Edelman'),
(349, 'Ryuichi Sakamoto'),
(350, 'alva noto'),
(351, 'Bryce Dessner'),
(352, 'Chris Palmer'),
(353, 'Marc Streitenfeld'),
(354, 'David Arnold'),
(355, 'Stephen Warbeck'),
(356, 'Chance Thomas'),
(357, 'Dave Stewart'),
(358, 'Glen Ballard'),
(359, 'Gary Ross'),
(360, 'William Ross'),
(361, 'Two Worlds II'),
(362, 'Gareth Coker'),
(363, 'Mychael Danna'),
(364, 'Bombay Jayashri'),
(365, 'Geoff Zanelli'),
(366, 'Jon Brion'),
(367, 'Jim Cummings'),
(368, 'Brad Garrett'),
(369, 'Toby Jones'),
(370, 'Peter Capaldi'),
(371, 'Sophie Okonedo'),
(372, 'Nick Mohammed'),
(373, 'Sara Sheen'),
(374, 'Richard M. Sherman'),
(375, 'Ramin Djawadi'),
(376, 'Sonya Belousova'),
(377, 'Giona Ostinelli'),
(378, 'Joey Batey'),
(379, 'Rodion Belousov'),
(380, 'Declan de Barra'),
(381, 'Lindsay Deutsch'),
(382, 'Burak Besir'),
(383, 'Arngeir Hauksson'),
(384, 'Lavinia Meijer'),
(385, 'Amsterdam Sinfonietta'),
(386, 'Johann Sebastian Bach'),
(387, 'Lang Lang'),
(388, 'Ludwig van Beethoven'),
(389, 'Max Richter'),
(390, 'Felix Mendelssohn'),
(391, 'Claude Debussy'),
(392, 'Frédéric Chopin'),
(393, 'Wolfgang Amadeus Mozart'),
(394, 'Muzio Clementi'),
(395, 'Carl Czerny'),
(396, 'Yann Tiersen'),
(397, 'Franz Schubert'),
(398, 'Edvard Grieg'),
(399, 'Robert Schumann'),
(400, 'Francis Poulenc'),
(401, 'Hu-Wei Huang'),
(402, 'Tekla Bądarzewska-Baranowska'),
(403, 'Benjamin Grosvenor'),
(404, 'Franz Liszt'),
(405, 'Maurice Ravel'),
(406, 'Traditional'),
(407, 'Sheku Kanneh-Mason'),
(408, 'Edward Elgar'),
(409, 'Ashok Klouda'),
(410, 'Caroline Dearnley'),
(411, 'Hannah Roberts'),
(412, 'Josephine Knight'),
(413, 'Ben Davies'),
(414, 'London Symphony Orchestra'),
(415, 'Sir Simon Rattle'),
(416, 'The Heath Quartet'),
(417, 'Toby Hughes'),
(418, 'Frank Bridge'),
(419, 'Plínio Fernandes'),
(420, 'Ernest Bloch'),
(421, 'Braimah Kanneh-Mason'),
(422, 'Ayla Sahin'),
(423, 'Alinka Rowe'),
(424, 'Gabriel Fauré'),
(425, 'Rowena Calvert'),
(426, 'Nicholas Trygstad'),
(427, 'Desmond Neysmith'),
(428, 'Chris Murray'),
(429, ''),
(430, 'Julius Klengel'),
(431, 'Jo Cole'),
(432, 'Alexandre Tharaud'),
(433, 'Federico Mompou'),
(434, 'Alessio Bax'),
(435, 'Sergei Rachmaninoff'),
(436, 'Johannes Brahms'),
(437, 'Lucille Chung'),
(438, 'Alexander Scriabin'),
(439, 'Simon Over'),
(440, 'Southbank Sinfonia'),
(441, 'Gerald Finzi'),
(442, 'Amy Dickson'),
(443, 'Aurora Orchestra'),
(444, 'Nicholas Collon'),
(445, 'Nicolas Fleury'),
(446, 'Thomas Gould'),
(447, 'Tom Poster'),
(448, 'Dario Marianelli'),
(449, 'Jean-Yves Thibaudet'),
(450, 'English Chamber Orchestra'),
(451, 'Benjamin Wallfisch'),
(452, 'Erik Satie'),
(453, 'Alena Cherny'),
(454, 'Daniel Barenboim'),
(455, 'Javier Perianes'),
(456, 'BBC Symphony Orchestra'),
(457, 'Sakari Oramo'),
(458, 'Ralph Vaughan Williams'),
(459, 'Sir Adrian Boult'),
(460, 'Hugh Bean'),
(461, 'New Philharmonia Orchestra'),
(462, 'Sir John Barbirolli'),
(463, 'Sinfonia Of London'),
(464, 'George Butterworth'),
(465, 'English Sinfonia'),
(466, 'Neville Dilkes'),
(467, 'Frederick Delius'),
(468, 'Academy of St. Martin in the Fields'),
(469, 'Sir Neville Marriner'),
(470, 'Peter Warlock'),
(471, 'Hallé'),
(472, 'William Walton'),
(473, 'Jacques Orchestra/Sir David Willcocks'),
(474, 'Sir David Willcocks'),
(475, 'Jacques Orchestra'),
(476, 'André Previn'),
(477, 'London Philharmonic Orchestra'),
(478, 'Vernon Handley'),
(479, 'GÅEL'),
(480, 'Jean Sibelius'),
(481, 'Håvard Gimse'),
(482, 'Shani Diluka'),
(483, 'Eivind Gullberg Jensen'),
(484, 'Orchestre National Bordeaux Aquitaine'),
(485, 'Arcadi Volodos'),
(486, 'Orchestre National De Lyon'),
(487, 'Jun Markl'),
(488, 'Aaron Copland'),
(489, 'Los Angeles Philharmonic'),
(490, 'Zubin Mehta'),
(491, 'Gregory Peck'),
(492, 'Celia Nicklin'),
(493, 'Michael Laird'),
(494, 'London Sinfonietta'),
(495, 'Elgar Howarth'),
(496, 'The Philip Jones Brass Ensemble'),
(497, 'Marilyn Horne'),
(498, 'Carl Davis'),
(499, 'Detroit Symphony Orchestra'),
(500, 'Antal Doráti');

INSERT into albums (id, title, image, artist_id) VALUES (1, 'GUTS', 'https://i.scdn.co/image/ab67616d00001e02e85259a1cae29a8d91f2093d', 1),
(2, 'Paint The Town Red', 'https://i.scdn.co/image/ab67616d00001e027acee948ecac8380c1b6ce30', 2),
(3, 'Dance The Night (From Barbie The Album)', 'https://i.scdn.co/image/ab67616d00001e027dd3ba455ee3390cb55b0192', 3),
(4, 'Lover', 'https://i.scdn.co/image/ab67616d00001e02e787cffec20aa2a396a61647', 4),
(5, 'Seven (feat. Latto)', 'https://i.scdn.co/image/ab67616d00001e02bf5cce5a0e1ed03a626bdd74', 8),
(6, 'Used To Be Young', 'https://i.scdn.co/image/ab67616d00001e02c7e08e101212a4c94bd35b38', 10),
(7, 'Single Soon', 'https://i.scdn.co/image/ab67616d00001e02fabd32dd9cefca8714c0ed41', 11),
(8, 'Popular [The Idol Vol. 1 (Music from the HBO Original Series)]', 'https://i.scdn.co/image/ab67616d00001e02eac1ac267dc90bc625535a57', 12),
(9, 'Bongos (feat. Megan Thee Stallion)', 'https://i.scdn.co/image/ab67616d00001e02c4bcdce05e247cef2eed06ac', 15),
(10, 'bad idea right?', 'https://i.scdn.co/image/ab67616d00001e028bfab8d577ad17a7b74d9f5f', 1),
(11, 'What Was I Made For? [From The Motion Picture "Barbie"]', 'https://i.scdn.co/image/ab67616d00001e02ed317ec13d3de9e01fb99c9e', 17),
(12, 'NewJeans ''Super Shy''', 'https://i.scdn.co/image/ab67616d00001e023d98a0ae7c78a3a9babaf8af', 18),
(13, 'Barbie World (with Aqua) [From Barbie The Album]', 'https://i.scdn.co/image/ab67616d00001e027e8f938c02fac3b564931116', 19),
(14, 'Chemical', 'https://i.scdn.co/image/ab67616d00001e02f76f8deeba5370c98ad38f1c', 22),
(15, 'Zach Bryan', 'https://i.scdn.co/image/ab67616d00001e02e5a25ed08d1e7e0fbb440cef', 23),
(16, 'Calm Down (with Selena Gomez)', 'https://i.scdn.co/image/ab67616d00001e02a3a7f38ea2033aa501afd4cf', 28),
(17, 'a Gift & a Curse', 'https://i.scdn.co/image/ab67616d00001e02017d5e26552345c4b1575b6c', 29),
(18, 'SOS', 'https://i.scdn.co/image/ab67616d00001e020c471c36970b9406233842a5', 30),
(19, 'LA VIDA ES UNA', 'https://i.scdn.co/image/ab67616d00001e020656d5ce813ca3cc4b677e05', 35),
(20, 'UTOPIA', 'https://i.scdn.co/image/ab67616d00001e02881d8d8378cd01099babcd44', 33),
(21, 'HVN ON EARTH', 'https://i.scdn.co/image/ab67616d00001e02a1b79ee77a1aec0dbc87768d', 55),
(22, 'Turn Yo Clic Up (feat. Future)', 'https://i.scdn.co/image/ab67616d00001e0207e6fcc40c758bfc61c1fd5e', 57),
(23, 'On The Radar Freestyle', 'https://i.scdn.co/image/ab67616d00001e027f028c5cb134c02ee497eaf6', 42),
(24, 'Peaches & Eggplants (feat. Latto & Sexyy Red)', 'https://i.scdn.co/image/ab67616d00001e021312b8f912984da6ccd83050', 59),
(25, 'First Day Out (Freestyle)', 'https://i.scdn.co/image/ab67616d00001e02cce1dcfedabc44021347f863', 61),
(26, 'Kat Food', 'https://i.scdn.co/image/ab67616d00001e025dfe21371b58690176129f07', 62),
(27, 'Pink Tape', 'https://i.scdn.co/image/ab67616d00001e02a0e7694a73abed7372474d69', 63),
(28, 'JEALOUSY (feat. Cardi B)', 'https://i.scdn.co/image/ab67616d00001e029e6ca50fb5bab76175bc1b4b', 67),
(29, 'Seventeen', 'https://i.scdn.co/image/ab67616d00001e0286fd9893388c7e30b385567e', 68),
(30, 'There I Go (feat. J. Cole & Mike WiLL Made-It)', 'https://i.scdn.co/image/ab67616d00001e02193e89fd03c5fe90b9803534', 69),
(31, 'BUSINESS IS BUSINESS', 'https://i.scdn.co/image/ab67616d00001e0237895eee206eabf2682e3064', 49),
(32, 'College Girls', 'https://i.scdn.co/image/ab67616d00001e02fb0bf2b6bf89f8fdceaca1c5', 76),
(33, 'B4 BOA', 'https://i.scdn.co/image/ab67616d00001e02672ad8e93e48e5ef970f82df', 77),
(34, 'Been One', 'https://i.scdn.co/image/ab67616d00001e02819aaffcc76d3b4ba74ae9ac', 78),
(35, 'Flower Boy', 'https://i.scdn.co/image/ab67616d00001e028940ac99f49e44f59e6f7fb3', 86),
(36, 'Starboy', 'https://i.scdn.co/image/ab67616d00001e024718e2b124f79258be7bc452', 12),
(37, 'I Love You.', 'https://i.scdn.co/image/ab67616d00001e028265a736a1eb838ad5a0b921', 98),
(38, 'Long Way Down (Deluxe)', 'https://i.scdn.co/image/ab67616d00001e021917a0f3f4152622a040913f', 99),
(39, 'lovely (with Khalid)', 'https://i.scdn.co/image/ab67616d00001e028a3f0a3ca7929dea23cd274c', 17),
(40, '2014 Forest Hills Drive', 'https://i.scdn.co/image/ab67616d00001e02c6e0948bbb0681ff29cdbae8', 70),
(41, 'Divinely Uninspired To A Hellish Extent', 'https://i.scdn.co/image/ab67616d00001e02fc2101e6889d6ce9025f85f2', 101),
(42, 'Unorthodox Jukebox', 'https://i.scdn.co/image/ab67616d00001e02926f43e7cce571e62720fd46', 102),
(43, 'Blonde', 'https://i.scdn.co/image/ab67616d00001e02c5649add07ed3720be9d5526', 88),
(44, 'Evolve', 'https://i.scdn.co/image/ab67616d00001e025675e83f707f1d7271e5cf8a', 103),
(45, 'Fine Line', 'https://i.scdn.co/image/ab67616d00001e0277fdcfda6535601aff081b6a', 104),
(46, '÷ (Deluxe)', 'https://i.scdn.co/image/ab67616d00001e02ba5db46f4b838ef6027e6f96', 105),
(47, 'AM', 'https://i.scdn.co/image/ab67616d00001e024ae1c4c5c45aabe565499163', 106),
(48, 'All I Want Is You', 'https://i.scdn.co/image/ab67616d00001e02d5a8395b0d80b8c48a5d851c', 107),
(49, 'Hollywood''s Bleeding', 'https://i.scdn.co/image/ab67616d00001e029478c87599550dd73bfa7e02', 22),
(50, 'Views', 'https://i.scdn.co/image/ab67616d00001e029416ed64daf84936d89e671c', 42),
(51, 'FOUR (Deluxe)', 'https://i.scdn.co/image/ab67616d00001e02d304ba2d71de306812eebaf4', 119),
(52, '(Pronounced ''Leh-''Nérd ''Skin-''Nérd) [Expanded Edition]', 'https://i.scdn.co/image/ab67616d00001e021f43eaa3c2a3188eb28dba82', 120),
(53, 'Appetite For Destruction', 'https://i.scdn.co/image/ab67616d00001e0221ebf49b3292c3f0f575f0f5', 121),
(54, 'The Joker', 'https://i.scdn.co/image/ab67616d00001e0275da4b79907852f0c5d0cd9e', 122),
(55, 'Rumours (Super Deluxe)', 'https://i.scdn.co/image/ab67616d00001e02e52a59a28efa4773dd2bfe1b', 123),
(56, 'A Night At The Opera (2011 Remaster)', 'https://i.scdn.co/image/ab67616d00001e02a461aa96bd9a8fcd0a492aee', 124),
(57, 'The Best Of The Animals', 'https://i.scdn.co/image/ab67616d00001e023748833f246466f02d2d4fc3', 125),
(58, 'Aftermath', 'https://i.scdn.co/image/ab67616d00001e02bad7062c3fd2f2d037989694', 126),
(59, 'One Way Or Another', 'https://i.scdn.co/image/ab67616d00001e0212f2f7d96b1bafa667c69a63', 127),
(60, 'Aerosmith', 'https://i.scdn.co/image/ab67616d00001e02b11078ee23dcd99e085ac33e', 128),
(61, 'Full Moon Fever', 'https://i.scdn.co/image/ab67616d00001e0236572e6726714544f5bed456', 129),
(62, 'No Need To Argue', 'https://i.scdn.co/image/ab67616d00001e02e2213d84fabb15100c425198', 130),
(63, 'Purple (2019 Remaster)', 'https://i.scdn.co/image/ab67616d00001e02fc7df879208b362bb1ce1499', 131),
(64, 'Led Zeppelin IV (Remaster)', 'https://i.scdn.co/image/ab67616d00001e024509204d0860cc0cc67e83dc', 132),
(65, 'Hotel California (2013 Remaster)', 'https://i.scdn.co/image/ab67616d00001e024637341b9f507521afa9a778', 133),
(66, 'Highway to Hell', 'https://i.scdn.co/image/ab67616d00001e0251c02a77d09dfcd53c8676d0', 134),
(67, 'Eliminator', 'https://i.scdn.co/image/ab67616d00001e0228a00032ff3b86af3d7e0e54', 135),
(68, 'Pablo Honey', 'https://i.scdn.co/image/ab67616d00001e02df55e326ed144ab4f5cecf95', 136),
(69, 'Nevermind (Remastered)', 'https://i.scdn.co/image/ab67616d00001e02e175a19e530c898d167d39bf', 137),
(70, 'Synchronicity', 'https://i.scdn.co/image/ab67616d00001e02e7b53d0f9fb616521cdbfc03', 138),
(71, 'Daylight', 'https://i.scdn.co/image/ab67616d00001e0295ca6a9b4083a86c149934ae', 139),
(72, 'folklore', 'https://i.scdn.co/image/ab67616d00001e0295f754318336a07e85ec59bc', 4),
(73, 'Until I Found You (Em Beihold Version)', 'https://i.scdn.co/image/ab67616d00001e022bf0876d42b90a8852ad6244', 141),
(74, 'Say Yes To Heaven', 'https://i.scdn.co/image/ab67616d00001e02aa27708d07f49c82ff0d0dae', 96),
(75, 'From The Start', 'https://i.scdn.co/image/ab67616d00001e0210ee65ae464018c19c8e8ab4', 143),
(76, 'SOUR', 'https://i.scdn.co/image/ab67616d00001e02a91c10fe9472d9bd89802e5a', 1),
(77, 'In The Stars', 'https://i.scdn.co/image/ab67616d00001e02786e4e2c43c2897fafabbfb6', 144),
(78, 'Kid Krow', 'https://i.scdn.co/image/ab67616d00001e0288e3cda6d29b2552d4d6bc43', 145),
(79, 'All Of The Girls You Loved Before', 'https://i.scdn.co/image/ab67616d00001e028481d8f15859aa5bae75ee17', 4),
(80, 'I NEVER LIKED YOU', 'https://i.scdn.co/image/ab67616d00001e0286badd635b69aea887862214', 53),
(81, 'five seconds flat', 'https://i.scdn.co/image/ab67616d00001e02d370fdc4dbc47778b9b667c3', 148),
(82, 'Glimpse of Us', 'https://i.scdn.co/image/ab67616d00001e0208596cc28b9f5b00bfe08ae7', 153),
(83, 'you broke me first', 'https://i.scdn.co/image/ab67616d00001e020c2c97099fd6a637ed0aa4a4', 154),
(84, 'ESTRELLA', 'https://i.scdn.co/image/ab67616d00001e024cc96ed1e38fa517608c2fb0', 155),
(85, 'MAÑANA SERÁ BONITO (BICHOTA SEASON)', 'https://i.scdn.co/image/ab67616d00001e024a8c1bbd60d89887c5016245', 161),
(86, 'Columbia', 'https://i.scdn.co/image/ab67616d00001e02a00a817b017c6f6bf8460be9', 167),
(87, 'WHERE SHE GOES', 'https://i.scdn.co/image/ab67616d00001e02ab5c9cd818ad6ed3e9b79cd1', 52),
(88, 'Holanda', 'https://i.scdn.co/image/ab67616d00001e02cd2ceb6adaa32ecc83cec5c3', 168),
(89, 'FERXXO 151', 'https://i.scdn.co/image/ab67616d00001e022d2f3a1bd3796d72b0f90a6d', 169),
(90, 'La Bebe (Remix)', 'https://i.scdn.co/image/ab67616d00001e02a04be3ad7c8c67f4109111a9', 171),
(91, 'Primera Cita', 'https://i.scdn.co/image/ab67616d00001e02dc0bb68a08c069cf8467f1bd', 172),
(92, 'Que Onda', 'https://i.scdn.co/image/ab67616d00001e02c069abd6ab0ed961aa7b2d39', 173),
(93, 'RR', 'https://i.scdn.co/image/ab67616d00001e024d6cf0d0d5e32ca4fa3a59e1', 176),
(94, 'DE LUNES A LUNES', 'https://i.scdn.co/image/ab67616d00001e0264cab4615683e3e4fc488b64', 178),
(95, 'GÉNESIS', 'https://i.scdn.co/image/ab67616d00001e022fb583ed96f8f35cbf2897ba', 162),
(96, 'Classy 101', 'https://i.scdn.co/image/ab67616d00001e0229ebee2b5fb008871fcd201a', 169),
(97, 'Según Quién', 'https://i.scdn.co/image/ab67616d00001e02c7f92bd1fb25981c78519d6b', 190),
(98, 'La Tierra del Corrido - Spotify Singles', 'https://i.scdn.co/image/ab67616d00001e02ccf9df5e0e56143df72ec08b', 175),
(99, 'QUEMA', 'https://i.scdn.co/image/ab67616d00001e024cb950c91f7b0c8414dcc88e', 164),
(100, 'GTA.mp3', 'https://i.scdn.co/image/ab67616d00001e02995e0ff3196c47b863fa259c', 194),
(101, 'Midnights', 'https://i.scdn.co/image/ab67616d00001e02bb54dde68cd23e2a268ae0f5', 4),
(102, 'After Hours', 'https://i.scdn.co/image/ab67616d00001e028863bc11d2aa12b54f5aeb36', 12),
(103, 'Future Nostalgia', 'https://i.scdn.co/image/ab67616d00001e02d4daf28d55fe4197ede848be', 3),
(104, 'Dreamland', 'https://i.scdn.co/image/ab67616d00001e02712701c5e263efc8726b1464', 196),
(105, 'STAY (with Justin Bieber)', 'https://i.scdn.co/image/ab67616d00001e0241e31d6ea1d493dd77933ee5', 198),
(106, 'SNAP', 'https://i.scdn.co/image/ab67616d00001e021391b1fdb63da53e5b112224', 200),
(107, 'Shakira: Bzrp Music Sessions, Vol. 53', 'https://i.scdn.co/image/ab67616d00001e022b6d78c5a3f6247aa997b812', 201),
(108, 'One Kiss (with Dua Lipa)', 'https://i.scdn.co/image/ab67616d00001e02d09f96d82310d4d77c14c108', 203),
(109, 'Narrated For You', 'https://i.scdn.co/image/ab67616d00001e02459d675aa0b6f3b211357370', 204),
(110, '=', 'https://i.scdn.co/image/ab67616d00001e02ef24c3fdbf856340d55cfeb2', 105),
(111, 'Promised', 'https://i.scdn.co/image/ab67616d00001e026c07bb63527d78cb480a0ea0', 205),
(112, 'Mosaic', 'https://i.scdn.co/image/ab67616d00001e02c84a1b1326fa01462dd3610d', 206),
(113, 'My Armour', 'https://i.scdn.co/image/ab67616d00001e0284843c9d11f8ee2744a795bb', 207),
(114, 'Sakalas', 'https://i.scdn.co/image/ab67616d00001e027819b7c4c3111463455598f9', 208),
(115, 'Painted Illusions', 'https://i.scdn.co/image/ab67616d00001e02573ec667d1c8585e956d34a4', 209),
(116, 'Aurora', 'https://i.scdn.co/image/ab67616d00001e02ae10485d194d9990c83734ae', 210),
(117, 'Endless Time', 'https://i.scdn.co/image/ab67616d00001e0284a6e37e6466571222fff8fb', 211),
(118, 'Aesolace', 'https://i.scdn.co/image/ab67616d00001e02f6a61d048f16e735ed760f3a', 212),
(119, 'Nordic Dusk', 'https://i.scdn.co/image/ab67616d00001e02fa4102192e60827fa39acab5', 213),
(120, 'Forward Momentum', 'https://i.scdn.co/image/ab67616d00001e02ba4a66c1453804e369edc6f8', 214),
(121, 'Times of Balance', 'https://i.scdn.co/image/ab67616d00001e02352c7a969a9b02306e40512d', 215),
(122, 'Need Alone TIm', 'https://i.scdn.co/image/ab67616d00001e02d0ce913eb3e04b397da0c159', 216),
(123, 'Following', 'https://i.scdn.co/image/ab67616d00001e0285194a221465f8b707528cc8', 217),
(124, 'Herinneringen', 'https://i.scdn.co/image/ab67616d00001e02664bf9cdc1db9ac7666417ba', 218),
(125, 'Infinity Air', 'https://i.scdn.co/image/ab67616d00001e02e286acea1af96065b071781c', 219),
(126, 'Dimmed Lights', 'https://i.scdn.co/image/ab67616d00001e02a7ed593ff336adcc07eddd82', 220),
(127, 'Frictionless', 'https://i.scdn.co/image/ab67616d00001e02dd19407e1b7e52cb359a4815', 221),
(128, 'Altaria', 'https://i.scdn.co/image/ab67616d00001e0220632f840daca24f0bc4fafa', 222),
(129, 'Fjord', 'https://i.scdn.co/image/ab67616d00001e02816facea4dabaaace987209e', 223),
(130, 'Sólestur', 'https://i.scdn.co/image/ab67616d00001e02cfaac28c5c07ff6579fc867c', 224),
(131, 'When It Was Just A Dream', 'https://i.scdn.co/image/ab67616d00001e025c8127e83342d8aa53154139', 225),
(132, 'The East Wind', 'https://i.scdn.co/image/ab67616d00001e02b5c15c42886ebc9d79ebb9cd', 226),
(133, 'Stilhed', 'https://i.scdn.co/image/ab67616d00001e02d5cedb11ee6fc8e6b8d6c87b', 227),
(134, 'Through The Mist', 'https://i.scdn.co/image/ab67616d00001e02b85c094d53a99588dc835aec', 228),
(135, 'Handwritten', 'https://i.scdn.co/image/ab67616d00001e0246a618e3413df89aa76acc86', 229),
(136, 'Quiet Motions', 'https://i.scdn.co/image/ab67616d00001e0243b43ee9e9322d42c97be745', 230),
(137, 'Silk Under Rain', 'https://i.scdn.co/image/ab67616d00001e02738d030cb1376a5bc6df1fbc', 231),
(138, 'From Another View', 'https://i.scdn.co/image/ab67616d00001e025afe651ac17b430fac00324d', 232),
(139, 'Prana', 'https://i.scdn.co/image/ab67616d00001e02a092aedded35c1bd5be4d776', 233),
(140, 'String Of Light', 'https://i.scdn.co/image/ab67616d00001e027a94fcd342b4cb6ad0428106', 234),
(141, 'Yalmi', 'https://i.scdn.co/image/ab67616d00001e0271818a2c0813d61d34ffae05', 235),
(142, 'Ulayaw', 'https://i.scdn.co/image/ab67616d00001e02d38ab1e621a4ad496312fb0b', 236),
(143, 'Surrounded By Clouds', 'https://i.scdn.co/image/ab67616d00001e029df9aff769462bdaa9ed043d', 237),
(144, 'Ich Wünsche', 'https://i.scdn.co/image/ab67616d00001e02792176eaef1fb3da3a367e5a', 238),
(145, 'Teegarden C', 'https://i.scdn.co/image/ab67616d00001e02b549b84273fd138702306361', 239),
(146, 'Axiom', 'https://i.scdn.co/image/ab67616d00001e02cac7195f6c8c98a8c54bf453', 240),
(147, 'Epiphany', 'https://i.scdn.co/image/ab67616d00001e02b7c3fb8f32c91843a4a4e1cc', 241),
(148, 'Yoga Meditation', 'https://i.scdn.co/image/ab67616d00001e02fe595b76b7151d55993297ec', 242),
(149, 'Glance Out A Casement Window', 'https://i.scdn.co/image/ab67616d00001e02c1f1b784f7ef6ad1fd13e581', 243),
(150, 'This Tender Appeal', 'https://i.scdn.co/image/ab67616d00001e0299175f73407a5eb9b768b669', 244),
(151, 'Lyrides', 'https://i.scdn.co/image/ab67616d00001e02ada707951f08c829ee8eaf1d', 245),
(152, 'Calm Wind', 'https://i.scdn.co/image/ab67616d00001e02092bff382fd03ef333feb39c', 246),
(153, 'A tale to tell', 'https://i.scdn.co/image/ab67616d00001e02249457c31b1ea2977cea651b', 247),
(154, 'A Time Long Ago', 'https://i.scdn.co/image/ab67616d00001e02288470effcdece2beeb0cef5', 248),
(155, 'Waitings', 'https://i.scdn.co/image/ab67616d00001e0282cf2169827c6a4c5b7b6573', 249),
(156, 'Forevermore', 'https://i.scdn.co/image/ab67616d00001e02bab38ba7972f6325e1aeaf69', 250),
(157, 'Evening Star', 'https://i.scdn.co/image/ab67616d00001e02cbf9a72b540e4d80a74b8e00', 251),
(158, 'Kastepiisk', 'https://i.scdn.co/image/ab67616d00001e024fedbdff92427fd3a81ad0ff', 252),
(159, 'Saying Things', 'https://i.scdn.co/image/ab67616d00001e02b94f78cf2a6ac9c700ee2812', 253),
(160, 'Stille Sjø', 'https://i.scdn.co/image/ab67616d00001e027e3335afc0e7d736e2891111', 254),
(161, 'Tranquillity waltz', 'https://i.scdn.co/image/ab67616d00001e029361103d7e8286c870b7ce6d', 255),
(162, 'land in sight', 'https://i.scdn.co/image/ab67616d00001e0231efd536a8db6dabec2f0b76', 256),
(163, 'Dreamt, far hope...', 'https://i.scdn.co/image/ab67616d00001e02b2d4de705feb43001e44d683', 257),
(164, 'Beauty', 'https://i.scdn.co/image/ab67616d00001e0200b6cb28979a6e06c69224bf', 258),
(165, 'Chanson d’été', 'https://i.scdn.co/image/ab67616d00001e02af5950c7d2f65ef5864929ef', 259),
(166, 'Sonnet 1', 'https://i.scdn.co/image/ab67616d00001e024dd672130d715e3b916fe524', 260),
(167, 'Passeggiata Serale', 'https://i.scdn.co/image/ab67616d00001e02e0fd290df68604846d972a5c', 261),
(168, 'Augury', 'https://i.scdn.co/image/ab67616d00001e02332b15a62abb6b8d99e155dc', 262),
(169, 'Box of Puzzles', 'https://i.scdn.co/image/ab67616d00001e02915a7a0b707d5d2320ab7475', 263),
(170, 'Orange Sky', 'https://i.scdn.co/image/ab67616d00001e027ab30bfdd04bfe288a215c88', 264),
(171, 'the echoing truth', 'https://i.scdn.co/image/ab67616d00001e025cb7a62b6b565c219a20f0ea', 265),
(172, 'Silent Hills', 'https://i.scdn.co/image/ab67616d00001e02671195ac699b5a8c8ee45c33', 266),
(173, 'Apricity', 'https://i.scdn.co/image/ab67616d00001e02b79b022c1d73036b0a4d52e1', 267),
(174, 'Solatium', 'https://i.scdn.co/image/ab67616d00001e02811dc5f40b81693ffc7b8bfe', 268),
(175, 'efflorescence', 'https://i.scdn.co/image/ab67616d00001e02379e6c84ab1b58aba26fb0c7', 269),
(176, 'Gather My Thoughts', 'https://i.scdn.co/image/ab67616d00001e029ca35f53a292a8d115e75dd2', 263),
(177, 'Tell A Story', 'https://i.scdn.co/image/ab67616d00001e02ad8344777e061be5065752bf', 270),
(178, 'Keeping it together', 'https://i.scdn.co/image/ab67616d00001e021f4c7a7b3574f4f923809fc9', 271),
(179, 'Blue Days', 'https://i.scdn.co/image/ab67616d00001e0214ce944c1d4744a21dec26ef', 272),
(180, 'Neon Sky', 'https://i.scdn.co/image/ab67616d00001e02497336100b2cc9351b20396f', 273),
(181, 'Mind games', 'https://i.scdn.co/image/ab67616d00001e025dcadfd0f1afc9b978996fd0', 274),
(182, 'Feel the Breeze', 'https://i.scdn.co/image/ab67616d00001e02577f4c20f3a13c3e6bbe65f7', 269),
(183, 'Peaches', 'https://i.scdn.co/image/ab67616d00001e0270ecc8651d4859c6929b7fa2', 275),
(184, 'Infinite Sustain', 'https://i.scdn.co/image/ab67616d00001e0261cb41224d1cc9dd052a5dba', 276),
(185, 'Chasing the Horizon', 'https://i.scdn.co/image/ab67616d00001e0200f1a5a113213091f860afa7', 277),
(186, 'Number Games', 'https://i.scdn.co/image/ab67616d00001e024e85cf3da1621bb49643e12b', 278),
(187, 'Respiro', 'https://i.scdn.co/image/ab67616d00001e02ee2a9a45ca5e8b77bdb6a4e2', 279),
(188, 'Previous', 'https://i.scdn.co/image/ab67616d00001e02fc5aa0b83785d315b9c4f5cc', 280),
(189, 'Ein kurzer Augenblick', 'https://i.scdn.co/image/ab67616d00001e02ea00badac2d1d6af988f1d88', 281),
(190, 'Tro', 'https://i.scdn.co/image/ab67616d00001e025694513e89b735038facb133', 282),
(191, 'Satarsa', 'https://i.scdn.co/image/ab67616d00001e02e7971709dddf7d5f05a3dfe4', 283),
(192, 'Stilles Sehnen (Upright Reframings)', 'https://i.scdn.co/image/ab67616d00001e02c0406b5534efa354bd7c6468', 284),
(193, 'Old Friend', 'https://i.scdn.co/image/ab67616d00001e02bc3ac16668e6836f3928d670', 256),
(194, 'Echoes', 'https://i.scdn.co/image/ab67616d00001e0221723305e89a3e0eed374b85', 285),
(195, 'Starry Night', 'https://i.scdn.co/image/ab67616d00001e026bfe83529e6ce250043b3152', 286),
(196, 'Smile in the wind', 'https://i.scdn.co/image/ab67616d00001e02d8ca18c663494c8297197f50', 287),
(197, 'Sorgløs', 'https://i.scdn.co/image/ab67616d00001e02de41ac2748397a1f86e5150b', 288),
(198, 'Lamento', 'https://i.scdn.co/image/ab67616d00001e02aadeabc171a0cbce255b6f2f', 289),
(199, 'Del Mar', 'https://i.scdn.co/image/ab67616d00001e02630dfb3d2946183538c05654', 290),
(200, 'Garden Of Dreams', 'https://i.scdn.co/image/ab67616d00001e02fec88183c04de0818dc28f62', 291),
(201, 'Flourish', 'https://i.scdn.co/image/ab67616d00001e02ee5c4eea73ad2397a01c5d5c', 292),
(202, 'Bird of Passage', 'https://i.scdn.co/image/ab67616d00001e026c1c08fa8964aa9da1d68dd7', 293),
(203, 'Dreamscape', 'https://i.scdn.co/image/ab67616d00001e024f2d019499a0f9412cb11b78', 294),
(204, 'Nightwalk', 'https://i.scdn.co/image/ab67616d00001e0254cbba31d1da10bc0aad2d23', 295),
(205, 'Luminous', 'https://i.scdn.co/image/ab67616d00001e02705f3e2eb753ef989ac400c1', 296),
(206, 'Simple', 'https://i.scdn.co/image/ab67616d00001e0263785b44ee38e1842edf5760', 297),
(207, 'Tiles', 'https://i.scdn.co/image/ab67616d00001e02e67401fc0dca613e917fcac0', 298),
(208, 'Palme', 'https://i.scdn.co/image/ab67616d00001e028f2d039547b19d7dc951083e', 299),
(209, 'The Careforce', 'https://i.scdn.co/image/ab67616d00001e0219ea56109a509a11b8b6aef3', 300),
(210, 'Shapes', 'https://i.scdn.co/image/ab67616d00001e0272f468e378261e1c53212f29', 301),
(211, 'Caminos', 'https://i.scdn.co/image/ab67616d00001e0240fff1c20b5e110150e353cd', 303),
(212, 'Enthalpy', 'https://i.scdn.co/image/ab67616d00001e02f378e31537227349dd310fba', 304),
(213, 'outta pocket', 'https://i.scdn.co/image/ab67616d00001e023754e37a23f329a4f9fc0c8f', 306),
(214, 'Ranch Water', 'https://i.scdn.co/image/ab67616d00001e02093438cf8ca4eca2f2f03267', 307),
(215, 'Cartoons & Cereal', 'https://i.scdn.co/image/ab67616d00001e0247b5063586487289e7dac571', 308),
(216, 'whoops i''m napping', 'https://i.scdn.co/image/ab67616d00001e02a11c74164e4831b10587c981', 309),
(217, 'Dig This Vibe', 'https://i.scdn.co/image/ab67616d00001e0280f2e8ea949fa5a0be5da930', 310),
(218, 'dreamality', 'https://i.scdn.co/image/ab67616d00001e0218c29740d27a8d5a768493c4', 311),
(219, 'Plants for free', 'https://i.scdn.co/image/ab67616d00001e02ad50e7bc44ce1fa5d0167099', 312),
(220, 'Calypso''s Groove', 'https://i.scdn.co/image/ab67616d00001e023ffe8016ab209b0b57a79249', 313),
(221, 'Momentum', 'https://i.scdn.co/image/ab67616d00001e021b94b04ea062dcfc38cea934', 314),
(222, 'Illjazz', 'https://i.scdn.co/image/ab67616d00001e02f0509847d6b3a4da86171c80', 316),
(223, 'Roadburn', 'https://i.scdn.co/image/ab67616d00001e02d1e13eed8ebd3ecb8ce66325', 317),
(224, 'In Control', 'https://i.scdn.co/image/ab67616d00001e02ae6fd16c68f6fe7786767ba0', 318),
(225, 'Stay There', 'https://i.scdn.co/image/ab67616d00001e026719a8e813a2c84da10bc7bf', 319),
(226, 'Zodiac', 'https://i.scdn.co/image/ab67616d00001e02d404fdcb86d0416c22764a77', 320),
(227, 'All Equal', 'https://i.scdn.co/image/ab67616d00001e02df85beb9618dfe454a125758', 321),
(228, 'Hypnotised / I Can Feel', 'https://i.scdn.co/image/ab67616d00001e026d445a50071810300efaa00c', 323),
(229, 'Mars', 'https://i.scdn.co/image/ab67616d00001e022c7a0290817abe4e93a3b939', 325),
(230, 'Reminiscing', 'https://i.scdn.co/image/ab67616d00001e020b07abf942c5f15b47f93b51', 326),
(231, 'Multi', 'https://i.scdn.co/image/ab67616d00001e020e2216912dd0b4609454518a', 327),
(232, 'Phases', 'https://i.scdn.co/image/ab67616d00001e02c120e75bb84db9310d8e29c6', 328),
(233, 'Trust', 'https://i.scdn.co/image/ab67616d00001e029f67a960b39f6eeef2aee3c0', 330),
(234, 'Portal / Echoes', 'https://i.scdn.co/image/ab67616d00001e02e84b3c3ffb226ae165b5a8d3', 331),
(235, 'Petroleum (Fabio Vanore Remix)', 'https://i.scdn.co/image/ab67616d00001e024d5fd247c518741e93574fbe', 332),
(236, 'From Desolate Places and Forgotten Times', 'https://i.scdn.co/image/ab67616d00001e02f9478b49ea8edde45bc383bc', 334),
(237, 'Nanika', 'https://i.scdn.co/image/ab67616d00001e02b0ce76096ca9cb2b841baeef', 335),
(238, 'Unfold Voices EP', 'https://i.scdn.co/image/ab67616d00001e021f46ff27f42c2d459b60285e', 336),
(239, 'Wadi Dana', 'https://i.scdn.co/image/ab67616d00001e02474bf659f55f9865a9b59a4b', 338),
(240, 'Millenium (Edit)', 'https://i.scdn.co/image/ab67616d00001e02544cce30954103428e39890f', 339),
(241, 'Borealis', 'https://i.scdn.co/image/ab67616d00001e023c49540ab36380f5e9632444', 340),
(242, 'Luna', 'https://i.scdn.co/image/ab67616d00001e02f24a2cd975fcb4ace3d5ccbf', 330),
(243, 'Postquam', 'https://i.scdn.co/image/ab67616d00001e02321c7b7a2a0f4b53425332d7', 341),
(244, 'The Lord of the Rings: The Fellowship of the Ring - the Complete Recordings', 'https://i.scdn.co/image/ab67616d00001e028236dee9524214e0e6be4a1f', 342),
(245, 'The Elder Scrolls V: Skyrim: Original Game Soundtrack', 'https://i.scdn.co/image/ab67616d00001e02ccc3b356646cd2d89d880a0a', 345),
(246, 'News Of The World (Original Motion Picture Soundtrack)', 'https://i.scdn.co/image/ab67616d00001e02b29c9594eaeef898a2a0060c', 346),
(247, 'A History Of Scotland', 'https://i.scdn.co/image/ab67616d00001e02d94ca428f90628a5eaa446ad', 347),
(248, 'Dragonheart', 'https://i.scdn.co/image/ab67616d00001e02e5d6cb4275f071e756e7240a', 348),
(249, 'The Revenant (Original Motion Picture Soundtrack)', 'https://i.scdn.co/image/ab67616d00001e024733e9e430d030a40a7b80ad', 349),
(250, 'The Ballad of the Lake of Tears', 'https://i.scdn.co/image/ab67616d00001e02cb911c3eb0c13e543fdc3d4c', 352),
(251, 'Robin Hood (Original Motion Picture Soundtrack)', 'https://i.scdn.co/image/ab67616d00001e02e5673798bbdc4bf2d3cd1731', 353),
(252, 'Casino Royale [International Version]', 'https://i.scdn.co/image/ab67616d00001e024ec06a7dcb608e6f52616f5a', 354),
(253, 'Princess Ka''iulani (Original Motion Picture Soundtrack)', 'https://i.scdn.co/image/ab67616d00001e0206becfd06eaa757582747ffd', 355),
(254, 'The Lord of the Rings Online (10th Anniversary Commemorative Soundtrack)', 'https://i.scdn.co/image/ab67616d00001e02b4aef01821cb420e2e1ee2e3', 356),
(255, 'The Tale Of Despereaux (Original Motion Picture Soundtrack)', 'https://i.scdn.co/image/ab67616d00001e024cabe3003542b97304b0be67', 360),
(256, 'Two Worlds II', 'https://i.scdn.co/image/ab67616d00001e02621ba2f8d1d197e8df4cdc88', 361),
(257, 'Ori and the Will of the Wisps (Original Soundtrack Recording)', 'https://i.scdn.co/image/ab67616d00001e02c20c278a68424850767e4d9e', 362),
(258, 'Life of Pi (Original Motion Picture Soundtrack)', 'https://i.scdn.co/image/ab67616d00001e02fd0bc62e5edf28162802de23', 363),
(259, 'Christopher Robin (Original Motion Picture Soundtrack)', 'https://i.scdn.co/image/ab67616d00001e02d1bd36e9880383e53ddddece', 365),
(260, 'Dinosaur Original Soundtrack', 'https://i.scdn.co/image/ab67616d00001e02fc353c1137530f7cbba2706c', 346),
(261, 'House of the Dragon: Season 1 (Soundtrack from the HBO® Series)', 'https://i.scdn.co/image/ab67616d00001e02a554f36bf49cea84257bc081', 375),
(262, 'The Witcher (Music from the Netflix Original Series)', 'https://i.scdn.co/image/ab67616d00001e023e7e7a06ef941871a2f51135', 376),
(263, 'Voyage', 'https://i.scdn.co/image/ab67616d00001e0218234ab7ddcc8a543a95c195', 384),
(264, 'Piano Book (Deluxe Edition)', 'https://i.scdn.co/image/ab67616d00001e02bf4b533ee6e9634a6fcd8882', 406),
(265, 'Benjamin Grosvenor: Chopin, Liszt, Ravel', 'https://i.scdn.co/image/ab67616d00001e0265e7e8e0fa2278bda76698a6', 392),
(266, 'Elgar', 'https://i.scdn.co/image/ab67616d00001e0207a94315511954038fc66553', 406),
(267, 'Chopin: Préludes', 'https://i.scdn.co/image/ab67616d00001e024d09e0f4df13545520d06f3f', 392),
(268, 'Lullabies for Mila', 'https://i.scdn.co/image/ab67616d00001e02454b6d957ed65180c717a569', 398),
(269, 'Introit: The Music of Gerald Finzi', 'https://i.scdn.co/image/ab67616d00001e02c6d75d5a2d63612a268aed5f', 441),
(270, 'Pride and Prejudice - OST', 'https://i.scdn.co/image/ab67616d00001e02a3e3d57bdadd06f26ea04e62', 448),
(271, 'Gnossienne No. 1', 'https://i.scdn.co/image/ab67616d00001e02644e2da6c39885f8eac4e535', 452),
(272, 'Chopin: Nocturnes', 'https://i.scdn.co/image/ab67616d00001e0255c82855070525581e2c6fee', 392),
(273, 'Grieg: Piano Concerto; Lyric Pieces', 'https://i.scdn.co/image/ab67616d00001e0208797612fc49078eaab38e77', 398),
(274, 'The Lark Ascending collection', 'https://i.scdn.co/image/ab67616d00001e025e7ccf1bbabe68b4264be778', 467),
(275, 'Mid Air', 'https://i.scdn.co/image/ab67616d00001e02fd8845cc5469305ab8457e85', 479),
(276, 'Sibelius: Piano Music, Vol. 4', 'https://i.scdn.co/image/ab67616d00001e0227129444207a734e7af5091b', 480),
(277, 'Grieg: Concerto Pour Piano & Pièces Lyriques', 'https://i.scdn.co/image/ab67616d00001e025388054761bcb105de5333ef', 398),
(278, 'Volodos Plays Brahms', 'https://i.scdn.co/image/ab67616d00001e02ce67b9a7547bce54f986a6b0', 436),
(279, 'Debussy: Orchestral Works, Vol. 6', 'https://i.scdn.co/image/ab67616d00001e02af60e7b882bf21f5b61af67b', 391),
(280, 'Copland: Appalachian Spring; Lincoln Portrait; Fanfare; Rodeo, etc.', 'https://i.scdn.co/image/ab67616d00001e02fab9c220d550c49ee0bb2167', 488);

INSERT into songs (id, title, duration, album_id) VALUES (1, 'all-american bitch', 165, 1),
(2, 'bad idea right?', 184, 1),
(3, 'vampire', 219, 1),
(4, 'lacy', 177, 1),
(5, 'ballad of a homeschooled girl', 203, 1),
(6, 'making the bed', 198, 1),
(7, 'logical', 231, 1),
(8, 'get him back!', 211, 1),
(9, 'love is embarrassing', 154, 1),
(10, 'the grudge', 189, 1),
(11, 'pretty isn’t pretty', 199, 1),
(12, 'teenage dream', 222, 1),
(13, 'Paint The Town Red', 231, 2),
(14, 'Dance The Night - From Barbie The Album', 176, 3),
(15, 'I Forgot That You Existed', 170, 4),
(16, 'Cruel Summer', 178, 4),
(17, 'Lover', 221, 4),
(18, 'The Man', 190, 4),
(19, 'The Archer', 211, 4),
(20, 'I Think He Knows', 173, 4),
(21, 'Miss Americana & The Heartbreak Prince', 234, 4),
(22, 'Paper Rings', 222, 4),
(23, 'Cornelia Street', 287, 4),
(24, 'Death By A Thousand Cuts', 198, 4),
(25, 'London Boy', 190, 4),
(26, 'Soon You’ll Get Better (feat. The Chicks)', 201, 4),
(27, 'False God', 200, 4),
(28, 'You Need To Calm Down', 171, 4),
(29, 'Afterglow', 223, 4),
(30, 'ME! (feat. Brendon Urie of Panic! At The Disco)', 193, 4),
(31, 'It’s Nice To Have A Friend', 150, 4),
(32, 'Daylight', 293, 4),
(33, 'Seven (feat. Latto) (Clean Ver.)', 184, 5),
(34, 'Seven (feat. Latto) (Explicit Ver.)', 184, 5),
(35, 'Seven (feat. Latto) (Instrumental)', 184, 5),
(36, 'Used To Be Young', 191, 6),
(37, 'Single Soon', 171, 7),
(38, 'Popular (with Playboi Carti & Madonna) - The Idol Vol. 1 (Music from the HBO Original Series)', 215, 8),
(39, 'Bongos (feat. Megan Thee Stallion)', 175, 9),
(40, 'bad idea right?', 184, 10),
(41, 'What Was I Made For? [From The Motion Picture "Barbie"]', 222, 11),
(42, 'New Jeans', 108, 12),
(43, 'Super Shy', 154, 12),
(44, 'Barbie World (with Aqua) [From Barbie The Album]', 109, 13),
(45, 'Chemical', 184, 14),
(46, 'Fear and Friday''s (Poem)', 107, 15),
(47, 'Overtime', 190, 15),
(48, 'Summertime''s Close', 186, 15),
(49, 'East Side of Sorrow', 209, 15),
(50, 'Hey Driver (feat. The War and Treaty)', 227, 15),
(51, 'Fear and Friday''s', 171, 15),
(52, 'Ticking', 242, 15),
(53, 'Holy Roller (feat. Sierra Ferrell)', 216, 15),
(54, 'Jake''s Piano - Long Island', 319, 15),
(55, 'El Dorado', 182, 15),
(56, 'I Remember Everything (feat. Kacey Musgraves)', 227, 15),
(57, 'Tourniquet', 189, 15),
(58, 'Spotless (feat. The Lumineers)', 169, 15),
(59, 'Tradesman', 187, 15),
(60, 'Smaller Acts', 187, 15),
(61, 'Oklahoman Son', 249, 15),
(62, 'Calm Down (with Selena Gomez)', 239, 16),
(63, 'back at it', 186, 17),
(64, 'back to the moon', 193, 17),
(65, 'idk nomore', 179, 17),
(66, 'paybach', 173, 17),
(67, 'ca$h $hit', 131, 17),
(68, 'fukumean', 125, 17),
(69, 'rodeo dr', 176, 17),
(70, 'bottom', 177, 17),
(71, 'p angels', 176, 17),
(72, 'born rich', 172, 17),
(73, 'go crazy', 173, 17),
(74, 'bread & butter', 226, 17),
(75, 'turned your back', 243, 17),
(76, 'i was just thinking', 192, 17),
(77, 'alright', 184, 17),
(78, 'SOS', 117, 18),
(79, 'Kill Bill', 153, 18),
(80, 'Seek & Destroy', 203, 18),
(81, 'Low', 181, 18),
(82, 'Love Language', 183, 18),
(83, 'Blind', 150, 18),
(84, 'Used (feat. Don Toliver)', 146, 18),
(85, 'Snooze', 201, 18),
(86, 'Notice Me', 160, 18),
(87, 'Gone Girl', 244, 18),
(88, 'Smoking on my Ex Pack', 83, 18),
(89, 'Ghost in the Machine (feat. Phoebe Bridgers)', 218, 18),
(90, 'F2F', 185, 18),
(91, 'Nobody Gets Me', 180, 18),
(92, 'Conceited', 151, 18),
(93, 'Special', 158, 18),
(94, 'Too Late', 164, 18),
(95, 'Far', 180, 18),
(96, 'Shirt', 181, 18),
(97, 'Open Arms (feat. Travis Scott)', 239, 18),
(98, 'I Hate U', 173, 18),
(99, 'Good Days', 278, 18),
(100, 'Forgiveless (feat. Ol'' Dirty Bastard)', 141, 18),
(101, 'VOODOO', 166, 19),
(102, 'MI DROGA', 163, 19),
(103, 'MÁS ALLÁ', 233, 19),
(104, 'ULALA (OOH LA LA)', 188, 19),
(105, 'NO SALGO', 152, 19),
(106, 'CONOCERTE', 223, 19),
(107, 'MUNDO CRUEL', 217, 19),
(108, 'CAMA KING (feat. Chita)', 163, 19),
(109, 'SÁBADO', 178, 19),
(110, 'CENIZAS QUEDAN', 167, 19),
(111, 'LO QUE PIDE', 229, 19),
(112, 'EXTRA EXTRA', 178, 19),
(113, 'TU REHÉN', 178, 19),
(114, 'BELLA KYAL', 187, 19),
(115, 'CELOS', 169, 19),
(116, 'AGUARDIENTE', 167, 19),
(117, 'EL CALENTÓN', 202, 19),
(118, 'DON & TEGO', 184, 19),
(119, 'EN ALTA', 232, 19),
(120, 'FLOW JAMAICAN', 214, 19),
(121, 'EQUIX', 152, 19),
(122, 'LALA', 197, 19),
(123, 'LO LOGRÉ', 243, 19),
(124, 'HYAENA', 222, 20),
(125, 'THANK GOD', 184, 20),
(126, 'MODERN JAM (feat. Teezo Touchdown)', 255, 20),
(127, 'MY EYES', 251, 20),
(128, 'GOD''S COUNTRY', 127, 20),
(129, 'SIRENS', 204, 20),
(130, 'MELTDOWN (feat. Drake)', 246, 20),
(131, 'FE!N (feat. Playboi Carti)', 191, 20),
(132, 'DELRESTO (ECHOES) (feat. Beyoncé)', 274, 20),
(133, 'I KNOW ?', 211, 20),
(134, 'TOPIA TWINS (feat. Rob49 & 21 Savage)', 223, 20),
(135, 'CIRCUS MAXIMUS (feat. The Weeknd & Swae Lee)', 258, 20),
(136, 'PARASAIL (feat. Yung Lean & Dave Chappelle)', 154, 20),
(137, 'SKITZO (feat. Young Thug)', 366, 20),
(138, 'LOST FOREVER (feat. Westside Gunn)', 163, 20),
(139, 'LOOOVE (feat. Kid Cudi)', 226, 20),
(140, 'K-POP (feat. Bad Bunny & The Weeknd)', 185, 20),
(141, 'TELEKINESIS (feat. SZA & Future)', 353, 20),
(142, 'TIL FURTHER NOTICE (feat. James Blake & 21 Savage)', 314, 20),
(143, 'HVN ON EARTH (with Kodak Black)', 188, 21),
(144, 'Turn Yo Clic Up (feat. Future)', 230, 22),
(145, 'On The Radar Freestyle', 275, 23),
(146, 'Peaches & Eggplants (feat. Latto & Sexyy Red)', 217, 24),
(147, 'First Day Out (Freestyle)', 142, 25),
(148, 'Kat Food', 286, 26),
(149, 'Flooded The Face', 192, 27),
(150, 'Suicide Doors', 259, 27),
(151, 'Aye (feat. Travis Scott)', 207, 27),
(152, 'Crush Em', 165, 27),
(153, 'Amped', 173, 27),
(154, 'x2', 234, 27),
(155, 'Died and Came Back', 180, 27),
(156, 'Spin Again', 97, 27),
(157, 'That Fiya', 154, 27),
(158, 'I Gotta', 173, 27),
(159, 'Endless Fashion (feat. Nicki Minaj)', 216, 27),
(160, 'Mama, I’m Sorry', 210, 27),
(161, 'All Alone', 222, 27),
(162, 'Nakamura', 197, 27),
(163, 'Just Wanna Rock', 123, 27),
(164, 'Fire Alarm (feat. Snow Strippers)', 185, 27),
(165, 'CS', 212, 27),
(166, 'Werewolf (feat. Bring Me The Horizon)', 239, 27),
(167, 'Pluto to Mars', 246, 27),
(168, 'Patience (feat. Don Toliver)', 262, 27),
(169, 'Days Come and Go', 257, 27),
(170, 'Rehab', 245, 27),
(171, 'The End (feat. BABYMETAL)', 187, 27),
(172, 'Zoom (Bonus Track)', 166, 27),
(173, 'Of Course (Bonus Track)', 208, 27),
(174, 'Shardai (Bonus Track)', 201, 27),
(175, 'JEALOUSY (feat. Cardi B)', 174, 28),
(176, 'Seventeen', 205, 29),
(177, 'There I Go (feat. J. Cole & Mike WiLL Made-It)', 172, 30),
(178, 'Parade on Cleveland (feat. Drake)', 228, 31),
(179, 'Money On The Dresser', 133, 31),
(180, 'Gucci Grocery Bag', 175, 31),
(181, 'Cars Bring Me Out (feat. Future)', 202, 31),
(182, 'Wit Da Racks (feat. 21 Savage, Travis Scott & Yak Gotti)', 226, 31),
(183, 'Uncle M', 140, 31),
(184, 'Abracadabra (feat. Travis Scott)', 247, 31),
(185, 'Went Thru It', 155, 31),
(186, 'Oh U Went (feat. Drake)', 185, 31),
(187, 'Want Me Dead (feat. 21 Savage)', 194, 31),
(188, 'Hellcat Kenny (feat. Lil Uzi Vert)', 154, 31),
(189, 'Mad Dog', 229, 31),
(190, 'Jonesboro', 163, 31),
(191, 'Hoodie (feat. BSlime & Lil Gotit)', 215, 31),
(192, 'Global Access (feat. Nate Ruess)', 148, 31),
(193, 'College Girls', 251, 32),
(194, 'Her Birthday', 154, 33),
(195, 'Booby Trap', 136, 33),
(196, 'Did Me Wrong', 177, 33),
(197, 'System', 184, 34),
(198, 'On Da Floor (feat. EST Gee)', 152, 34),
(199, 'Right', 159, 34),
(200, 'Real Type (feat. Lil Baby)', 203, 34),
(201, 'You''ll Find the One', 189, 34),
(202, 'Free Game', 259, 34),
(203, 'On The Run', 161, 34),
(204, 'Unfuckwitable', 200, 34),
(205, 'Room Comfort (feat. Fridayy and Lil Durk)', 286, 34),
(206, 'Taylor Port Junkie (feat. Lil Yachty)', 208, 34),
(207, 'Heartless', 216, 34),
(208, 'Equal Dirt', 181, 34),
(209, 'Digital Pictures', 204, 34),
(210, 'End of the Road', 190, 34),
(211, 'Leaks', 184, 34),
(212, 'Ah Never Be The Same', 188, 34),
(213, 'You Should', 151, 34),
(214, 'Thang For You (feat. NoCap)', 259, 34),
(215, 'X-Hausted (feat. Lil Poppa)', 190, 34),
(216, 'Foreword (feat. Rex Orange County)', 194, 35),
(217, 'Where This Flower Blooms (feat. Frank Ocean)', 194, 35),
(218, 'Sometimes...', 36, 35),
(219, 'See You Again (feat. Kali Uchis)', 180, 35),
(220, 'Who Dat Boy (feat. A$AP Rocky)', 205, 35),
(221, 'Pothole (feat. Jaden Smith)', 237, 35),
(222, 'Garden Shed (feat. Estelle)', 223, 35),
(223, 'Boredom (feat. Rex Orange County & Anna of the North)', 320, 35),
(224, 'I Ain''t Got Time!', 206, 35),
(225, '911 / Mr. Lonely (feat. Frank Ocean & Steve Lacy)', 255, 35),
(226, 'Droppin'' Seeds (feat. Lil'' Wayne)', 60, 35),
(227, 'November', 225, 35),
(228, 'Glitter', 224, 35),
(229, 'Enjoy Right Now, Today', 235, 35),
(230, 'Starboy', 230, 36),
(231, 'Party Monster', 249, 36),
(232, 'False Alarm', 220, 36),
(233, 'Reminder', 218, 36),
(234, 'Rockin’', 232, 36),
(235, 'Secrets', 265, 36),
(236, 'True Colors', 206, 36),
(237, 'Stargirl Interlude', 111, 36),
(238, 'Sidewalks', 231, 36),
(239, 'Six Feet Under', 237, 36),
(240, 'Love To Lay', 223, 36),
(241, 'A Lonely Night', 220, 36),
(242, 'Attention', 197, 36),
(243, 'Ordinary Life', 221, 36),
(244, 'Nothing Without You', 198, 36),
(245, 'All I Know', 321, 36),
(246, 'Die For You', 260, 36),
(247, 'I Feel It Coming', 269, 36),
(248, 'How', 314, 37),
(249, 'Afraid', 251, 37),
(250, 'Everybody''s Watching Me (Uh Oh)', 238, 37),
(251, 'Sweater Weather', 240, 37),
(252, 'Let It Go', 197, 37),
(253, 'Alleyways', 267, 37),
(254, 'W.D.Y.W.F.M?', 259, 37),
(255, 'Flawless', 246, 37),
(256, 'Female Robbery', 209, 37),
(257, 'Staying Up', 268, 37),
(258, 'Float', 261, 37),
(259, 'Grow Old with Me', 182, 38),
(260, 'Hold Me', 188, 38),
(261, 'Another Love', 244, 38),
(262, 'I Know', 232, 38),
(263, 'Sense', 264, 38),
(264, 'Can''t Pretend', 217, 38),
(265, 'Till I Lost', 217, 38),
(266, 'Supposed to Be', 213, 38),
(267, 'Long Way Down', 149, 38),
(268, 'Sirens', 220, 38),
(269, 'I Think It''s Going to Rain Today', 174, 38),
(270, 'Storms', 188, 38),
(271, 'Heal', 193, 38),
(272, 'Till I Lost - Demo', 263, 38),
(273, 'Grow Old with Me - Demo', 167, 38),
(274, 'lovely (with Khalid)', 200, 39),
(275, 'Intro', 129, 40),
(276, 'January 28th', 242, 40),
(277, 'Wet Dreamz', 239, 40),
(278, '03’ Adolescence', 264, 40),
(279, 'A Tale Of 2 Citiez', 269, 40),
(280, 'Fire Squad', 288, 40),
(281, 'St. Tropez', 257, 40),
(282, 'G.O.M.D', 301, 40),
(283, 'No Role Modelz', 292, 40),
(284, 'Hello', 219, 40),
(285, 'Apparently', 292, 40),
(286, 'Love Yourz', 211, 40),
(287, 'Note To Self', 875, 40),
(288, 'Grace', 185, 41),
(289, 'Bruises', 220, 41),
(290, 'Hold Me While You Wait', 205, 41),
(291, 'Someone You Loved', 182, 41),
(292, 'Maybe', 210, 41),
(293, 'Forever', 210, 41),
(294, 'One', 179, 41),
(295, 'Don''t Get Me Wrong', 213, 41),
(296, 'Hollywood', 191, 41),
(297, 'Lost On You', 197, 41),
(298, 'Fade', 246, 41),
(299, 'Headspace', 306, 41),
(300, 'Young Girls', 228, 42),
(301, 'Locked out of Heaven', 233, 42),
(302, 'Gorilla', 244, 42),
(303, 'Treasure', 178, 42),
(304, 'Moonshine', 228, 42),
(305, 'When I Was Your Man', 213, 42),
(306, 'Natalie', 225, 42),
(307, 'Show Me', 207, 42),
(308, 'Money Make Her Smile', 203, 42),
(309, 'If I Knew', 132, 42),
(310, 'Nikes', 314, 43),
(311, 'Ivy', 249, 43),
(312, 'Pink + White', 184, 43),
(313, 'Be Yourself', 86, 43),
(314, 'Solo', 257, 43),
(315, 'Skyline To', 184, 43),
(316, 'Self Control', 249, 43),
(317, 'Good Guy', 66, 43),
(318, 'Nights', 307, 43),
(319, 'Solo (Reprise)', 78, 43),
(320, 'Pretty Sweet', 158, 43),
(321, 'Facebook Story', 68, 43),
(322, 'Close To You', 85, 43),
(323, 'White Ferrari', 248, 43),
(324, 'Seigfried', 334, 43),
(325, 'Godspeed', 177, 43),
(326, 'Futura Free', 564, 43),
(327, 'Next To Me', 230, 44),
(328, 'I Don’t Know Why', 190, 44),
(329, 'Whatever It Takes', 201, 44),
(330, 'Believer', 204, 44),
(331, 'Walking The Wire', 232, 44),
(332, 'Rise Up', 231, 44),
(333, 'I’ll Make It Up To You', 262, 44),
(334, 'Yesterday', 205, 44),
(335, 'Mouth Of The River', 221, 44),
(336, 'Thunder', 187, 44),
(337, 'Start Over', 186, 44),
(338, 'Dancing In The Dark', 233, 44),
(339, 'Golden', 208, 45),
(340, 'Watermelon Sugar', 174, 45),
(341, 'Adore You', 207, 45),
(342, 'Lights Up', 172, 45),
(343, 'Cherry', 259, 45),
(344, 'Falling', 240, 45),
(345, 'To Be So Lonely', 192, 45),
(346, 'She', 362, 45),
(347, 'Sunflower, Vol. 6', 221, 45),
(348, 'Canyon Moon', 189, 45),
(349, 'Treat People With Kindness', 197, 45),
(350, 'Fine Line', 377, 45),
(351, 'Eraser', 227, 46),
(352, 'Castle on the Hill', 261, 46),
(353, 'Dive', 238, 46),
(354, 'Shape of You', 233, 46),
(355, 'Perfect', 263, 46),
(356, 'Galway Girl', 170, 46),
(357, 'Happier', 207, 46),
(358, 'New Man', 189, 46),
(359, 'Hearts Don''t Break Around Here', 248, 46),
(360, 'What Do I Know?', 237, 46),
(361, 'How Would You Feel (Paean)', 280, 46),
(362, 'Supermarket Flowers', 221, 46),
(363, 'Barcelona', 191, 46),
(364, 'Bibia Be Ye Ye', 176, 46),
(365, 'Nancy Mulligan', 179, 46),
(366, 'Save Myself', 247, 46),
(367, 'Do I Wanna Know?', 272, 47),
(368, 'R U Mine?', 201, 47),
(369, 'One For The Road', 206, 47),
(370, 'Arabella', 207, 47),
(371, 'I Want It All', 185, 47),
(372, 'No. 1 Party Anthem', 243, 47),
(373, 'Mad Sounds', 215, 47),
(374, 'Fireside', 181, 47),
(375, 'Why''d You Only Call Me When You''re High?', 161, 47),
(376, 'Snap Out Of It', 193, 47),
(377, 'Knee Socks', 257, 47),
(378, 'I Wanna Be Yours', 183, 47),
(379, 'Sure Thing', 195, 48),
(380, 'All I Want Is You (feat. J. Cole)', 295, 48),
(381, 'Girl With The Tattoo Enter.lewd', 102, 48),
(382, 'Pay Me', 177, 48),
(383, 'Quickie', 226, 48),
(384, 'Girls Like You', 203, 48),
(385, 'Overload Enter.lewd', 31, 48),
(386, 'Hard Way', 229, 48),
(387, 'Teach Me', 322, 48),
(388, 'Hero', 227, 48),
(389, 'Vixen', 181, 48),
(390, 'To The Moon', 203, 48),
(391, 'My Piece', 176, 48),
(392, 'Hollywood''s Bleeding', 156, 49),
(393, 'Saint-Tropez', 150, 49),
(394, 'Enemies (feat. DaBaby)', 196, 49),
(395, 'Allergic', 156, 49),
(396, 'A Thousand Bad Times', 221, 49),
(397, 'Circles', 215, 49),
(398, 'Die For Me (feat. Future & Halsey)', 245, 49),
(399, 'On The Road (feat. Meek Mill & Lil Baby)', 218, 49),
(400, 'Take What You Want (feat. Ozzy Osbourne & Travis Scott)', 229, 49),
(401, 'I''m Gonna Be', 200, 49),
(402, 'Staring At The Sun (feat. SZA)', 168, 49),
(403, 'Sunflower - Spider-Man: Into the Spider-Verse', 157, 49),
(404, 'Internet', 123, 49),
(405, 'Goodbyes (feat. Young Thug)', 174, 49),
(406, 'Myself', 158, 49),
(407, 'I Know', 141, 49),
(408, 'Wow.', 149, 49),
(409, 'Keep The Family Close', 328, 50),
(410, '9', 255, 50),
(411, 'U With Me?', 297, 50),
(412, 'Feel No Ways', 240, 50),
(413, 'Hype', 209, 50),
(414, 'Weston Road Flows', 253, 50),
(415, 'Redemption', 333, 50),
(416, 'With You', 195, 50),
(417, 'Faithful', 290, 50),
(418, 'Still Here', 189, 50),
(419, 'Controlla', 245, 50),
(420, 'One Dance', 173, 50),
(421, 'Grammys', 220, 50),
(422, 'Childs Play', 241, 50),
(423, 'Pop Style', 212, 50),
(424, 'Too Good', 263, 50),
(425, 'Summers Over Interlude', 106, 50),
(426, 'Fire & Desire', 238, 50),
(427, 'Views', 311, 50),
(428, 'Hotline Bling', 267, 50),
(429, 'Steal My Girl', 228, 51),
(430, 'Ready to Run', 196, 51),
(431, 'Where Do Broken Hearts Go', 229, 51),
(432, '18', 248, 51),
(433, 'Girl Almighty', 201, 51),
(434, 'Fool''s Gold', 210, 51),
(435, 'Night Changes', 226, 51),
(436, 'No Control', 199, 51),
(437, 'Fireproof', 174, 51),
(438, 'Spaces', 256, 51),
(439, 'Stockholm Syndrome', 214, 51),
(440, 'Clouds', 231, 51),
(441, 'Change Your Ticket', 266, 51),
(442, 'Illusion', 194, 51),
(443, 'Once in a Lifetime', 158, 51),
(444, 'Act My Age', 198, 51),
(445, 'I Ain''t The One', 233, 52),
(446, 'Tuesday''s Gone', 452, 52),
(447, 'Gimme Three Steps', 270, 52),
(448, 'Simple Man', 357, 52),
(449, 'Things Goin'' On', 299, 52),
(450, 'Mississippi Kid', 236, 52),
(451, 'Poison Whiskey', 193, 52),
(452, 'Free Bird', 558, 52),
(453, 'Mr. Banker - Demo Version', 322, 52),
(454, 'Down South Jukin'' - Demo Version', 177, 52),
(455, 'Tuesday''s Gone - Demo Version', 475, 52),
(456, 'Gimme Three Steps - Demo Version', 319, 52),
(457, 'Free Bird - 1973/Live Demo Version', 669, 52),
(458, 'Welcome To The Jungle', 273, 53),
(459, 'It''s So Easy', 202, 53),
(460, 'Nightrain', 268, 53),
(461, 'Out Ta Get Me', 263, 53),
(462, 'Mr. Brownstone', 228, 53),
(463, 'Paradise City', 405, 53),
(464, 'My Michelle', 219, 53),
(465, 'Think About You', 231, 53),
(466, 'Sweet Child O'' Mine', 356, 53),
(467, 'You''re Crazy', 197, 53),
(468, 'Anything Goes', 206, 53),
(469, 'Rocket Queen', 373, 53),
(470, 'Sugar Babe', 274, 54),
(471, 'Mary Lou', 144, 54),
(472, 'Shu Ba Da Du Ma Ma Ma Ma', 341, 54),
(473, 'Your Cash Ain''t Nothin'' But Trash', 202, 54),
(474, 'The Joker', 264, 54),
(475, 'The Lovin'' Cup', 130, 54),
(476, 'Come On In My Kitchen - Live', 243, 54),
(477, 'Evil - Live', 277, 54),
(478, 'Something To Believe In', 281, 54),
(479, 'Second Hand News - 2004 Remaster', 176, 55),
(480, 'Dreams - 2004 Remaster', 257, 55),
(481, 'Never Going Back Again - 2004 Remaster', 134, 55),
(482, 'Don''t Stop - 2004 Remaster', 193, 55),
(483, 'Go Your Own Way - 2004 Remaster', 223, 55),
(484, 'Songbird - 2004 Remaster', 200, 55),
(485, 'The Chain - 2004 Remaster', 270, 55),
(486, 'You Make Loving Fun - 2004 Remaster', 216, 55),
(487, 'I Don''t Want to Know - 2004 Remaster', 196, 55),
(488, 'Oh Daddy - 2004 Remaster', 236, 55),
(489, 'Gold Dust Woman - 2004 Remaster', 295, 55),
(490, 'Silver Springs - 2004 Remaster', 288, 55),
(491, 'Intro - Live 1977', 48, 55),
(492, 'Monday Morning - Live 1977', 158, 55),
(493, 'Dreams - Live 1977', 247, 55),
(494, 'Don''t Stop - Live 1977', 231, 55),
(495, 'The Chain - Live 1977', 340, 55),
(496, 'Oh Daddy - Live 1977', 287, 55),
(497, 'Rhiannon - Live 1977', 475, 55),
(498, 'Never Going Back Again - Live 1977', 139, 55),
(499, 'Gold Dust Woman - Live 1977; 2013 Remaster', 423, 55),
(500, 'World Turning - Live 1977', 451, 55),
(501, 'Go Your Own Way - Live 1977', 294, 55),
(502, 'Songbird - Live 1977', 240, 55),
(503, 'Second Hand News - Early Take', 146, 55),
(504, 'Dreams - Take 2', 335, 55),
(505, 'Never Going Back Again - Acoustic Duet', 139, 55),
(506, 'Death On Two Legs (Dedicated To...) - Remastered 2011', 223, 56),
(507, 'Lazing On A Sunday Afternoon - Remastered 2011', 67, 56),
(508, 'I''m In Love With My Car - Remastered 2011', 184, 56),
(509, 'You''re My Best Friend - Remastered 2011', 170, 56),
(510, '''39 - Remastered 2011', 210, 56),
(511, 'Sweet Lady - Remastered 2011', 242, 56),
(512, 'Seaside Rendezvous - Remastered 2011', 134, 56),
(513, 'The Prophet''s Song - Remastered 2011', 500, 56),
(514, 'Love Of My Life - Remastered 2011', 217, 56),
(515, 'Good Company - Remastered 2011', 203, 56),
(516, 'Bohemian Rhapsody - Remastered 2011', 354, 56),
(517, 'God Save The Queen - Remastered 2011', 75, 56),
(518, 'House Of The Rising Sun', 269, 57),
(519, 'I''m Crying', 166, 57),
(520, 'Baby Let Me Take You Home', 140, 57),
(521, 'Around And Around', 163, 57),
(522, 'Talkin'' Bout You', 112, 57),
(523, 'Don''t Let Me Be Misunderstood', 148, 57),
(524, 'Boom Boom', 197, 57),
(525, 'Dimples', 197, 57),
(526, 'We Gotta Get Out Of This Place (US Version)', 192, 57),
(527, 'I''m In Love Again', 181, 57),
(528, 'Bury My Body', 170, 57),
(529, 'Gonna Send You Back To Walker', 147, 57),
(530, 'Story Of Bo Diddley', 343, 57),
(531, 'It''s My Life', 186, 57),
(532, 'Bring It On Home To Me', 162, 57),
(533, 'Paint It, Black', 202, 58),
(534, 'Stupid Girl', 175, 58),
(535, 'Lady Jane - Mono Version', 188, 58),
(536, 'Under My Thumb', 221, 58),
(537, 'Doncha Bother Me', 161, 58),
(538, 'Think', 189, 58),
(539, 'Flight 505', 207, 58),
(540, 'High And Dry', 188, 58),
(541, 'It''s Not Easy', 176, 58),
(542, 'I Am Waiting', 190, 58),
(543, 'Going Home', 673, 58),
(544, 'One Way Or Another - Remastered 2001', 212, 59),
(545, 'Just Go Away - Remastered', 213, 59),
(546, 'Make It', 218, 60),
(547, 'Somebody', 225, 60),
(548, 'Dream On', 266, 60),
(549, 'One Way Street', 420, 60),
(550, 'Mama Kin', 267, 60),
(551, 'Write Me a Letter', 250, 60),
(552, 'Movin'' Out', 302, 60),
(553, 'Walkin'' The Dog', 192, 60),
(554, 'Free Fallin''', 256, 61),
(555, 'I Won''t Back Down', 178, 61),
(556, 'Love Is A Long Road', 247, 61),
(557, 'A Face In The Crowd', 239, 61),
(558, 'Runnin'' Down A Dream', 292, 61),
(559, 'Feel A Whole Lot Better', 169, 61),
(560, 'Yer So Bad', 185, 61),
(561, 'Depending On You', 168, 61),
(562, 'The Apartment Song', 152, 61),
(563, 'Alright For Now', 120, 61),
(564, 'A Mind With A Heart Of It''s Own', 211, 61),
(565, 'Zombie Zoo''', 178, 61),
(566, 'Ode To My Family', 270, 62),
(567, 'I Can''t Be With You', 187, 62),
(568, 'Twenty One', 187, 62),
(569, 'Zombie', 306, 62),
(570, 'Empty', 206, 62),
(571, 'Everything I Said', 232, 62),
(572, 'The Icicle Melts', 174, 62),
(573, 'Disappointment', 254, 62),
(574, 'Ridiculous Thoughts', 271, 62),
(575, 'Dreaming My Dreams', 216, 62),
(576, 'Yeats'' Grave', 179, 62),
(577, 'Daffodil Lament', 368, 62),
(578, 'No Need To Argue', 174, 62),
(579, 'Meatplow - 2019 Remaster', 217, 63),
(580, 'Vasoline - 2019 Remaster', 176, 63),
(581, 'Lounge Fly - 2019 Remaster', 319, 63),
(582, 'Interstate Love Song - 2019 Remaster', 194, 63),
(583, 'Still Remains - 2019 Remaster', 213, 63),
(584, 'Pretty Penny - 2019 Remaster', 223, 63),
(585, 'Silvergun Superman - 2019 Remaster', 316, 63),
(586, 'Big Empty - 2019 Remaster', 294, 63),
(587, 'Unglued - 2019 Remaster', 154, 63),
(588, 'Army Ants - 2019 Remaster', 226, 63),
(589, 'Kitchenware & Candybars / My Second Album (Hidden Track) - 2019 Remaster', 485, 63),
(590, 'Black Dog - Remaster', 295, 64),
(591, 'Rock and Roll - Remaster', 220, 64),
(592, 'The Battle of Evermore - Remaster', 351, 64),
(593, 'Stairway to Heaven - Remaster', 482, 64),
(594, 'Misty Mountain Hop - Remaster', 278, 64),
(595, 'Four Sticks - Remaster', 285, 64),
(596, 'Going to California - Remaster', 212, 64),
(597, 'When the Levee Breaks - Remaster', 428, 64),
(598, 'Hotel California - 2013 Remaster', 391, 65),
(599, 'New Kid in Town - 2013 Remaster', 304, 65),
(600, 'Life in the Fast Lane - 2013 Remaster', 286, 65),
(601, 'Wasted Time - 2013 Remaster', 296, 65),
(602, 'Wasted Time - 2013 Remaster', 83, 65),
(603, 'Victim of Love - 2013 Remaster', 250, 65),
(604, 'Pretty Maids All in a Row - 2013 Remaster', 239, 65),
(605, 'Try and Love Again - 2013 Remaster', 311, 65),
(606, 'The Last Resort - 2013 Remaster', 444, 65),
(607, 'Highway to Hell', 208, 66),
(608, 'Girls Got Rhythm', 203, 66),
(609, 'Walk All Over You', 310, 66),
(610, 'Touch Too Much', 266, 66),
(611, 'Beating Around the Bush', 235, 66),
(612, 'Shot Down in Flames', 202, 66),
(613, 'Get It Hot', 154, 66),
(614, 'If You Want Blood (You''ve Got It)', 274, 66),
(615, 'Love Hungry Man', 257, 66),
(616, 'Night Prowler', 387, 66),
(617, 'Gimme All Your Lovin''', 241, 67),
(618, 'Got Me Under Pressure - 2008 Remaster', 243, 67),
(619, 'Sharp Dressed Man - 2008 Remaster', 258, 67),
(620, 'I Need You Tonight - 2008 Remaster', 378, 67),
(621, 'I Got the Six - 2008 Remaster', 174, 67),
(622, 'Legs - 2008 Remaster', 273, 67),
(623, 'Thug - 2008 Remaster', 259, 67),
(624, 'TV Dinners - 2008 Remaster', 230, 67),
(625, 'Dirty Dog - 2008 Remaster', 246, 67),
(626, 'If I Could Only Flag Her Down - 2008 Remaster', 220, 67),
(627, 'Bad Girl - 2008 Remaster', 202, 67),
(628, 'You', 208, 68),
(629, 'Creep', 238, 68),
(630, 'How Do You?', 132, 68),
(631, 'Stop Whispering', 325, 68),
(632, 'Thinking About You', 161, 68),
(633, 'Anyone Can Play Guitar', 217, 68),
(634, 'Ripcord', 189, 68),
(635, 'Vegetable', 192, 68),
(636, 'Prove Yourself', 145, 68),
(637, 'I Can''t', 253, 68),
(638, 'Lurgee', 187, 68),
(639, 'Blow Out', 282, 68),
(640, 'Smells Like Teen Spirit', 301, 69),
(641, 'In Bloom', 255, 69),
(642, 'Come As You Are', 218, 69),
(643, 'Breed', 184, 69),
(644, 'Lithium', 257, 69),
(645, 'Polly', 173, 69),
(646, 'Territorial Pissings', 142, 69),
(647, 'Drain You', 223, 69),
(648, 'Lounge Act', 156, 69),
(649, 'Stay Away', 211, 69),
(650, 'On A Plain', 194, 69),
(651, 'Something In The Way', 232, 69),
(652, 'Endless, Nameless', 403, 69),
(653, 'Synchronicity I - Remastered 2003', 203, 70),
(654, 'Walking In Your Footsteps - Remastered 2003', 216, 70),
(655, 'O My God - Remastered 2003', 242, 70),
(656, 'Mother - Remastered 2003', 185, 70),
(657, 'Miss Gradenko - Remastered 2003', 119, 70),
(658, 'Synchronicity II - Remastered 2003', 300, 70),
(659, 'Every Breath You Take - Remastered 2003', 253, 70),
(660, 'King Of Pain - Remastered 2003', 299, 70),
(661, 'Wrapped Around Your Finger - Remastered 2003', 313, 70),
(662, 'Tea In The Sahara - Remastered 2003', 259, 70),
(663, 'Murder By Numbers - Remastered 2003', 276, 70),
(664, 'Daylight', 212, 71),
(665, 'the 1', 210, 72),
(666, 'cardigan', 239, 72),
(667, 'the last great american dynasty', 230, 72),
(668, 'exile (feat. Bon Iver)', 285, 72),
(669, 'my tears ricochet', 255, 72),
(670, 'mirrorball', 208, 72),
(671, 'seven', 208, 72),
(672, 'august', 261, 72),
(673, 'this is me trying', 195, 72),
(674, 'illicit affairs', 190, 72),
(675, 'invisible string', 252, 72),
(676, 'mad woman', 237, 72),
(677, 'epiphany', 289, 72),
(678, 'betty', 294, 72),
(679, 'peace', 234, 72),
(680, 'hoax', 220, 72),
(681, 'Until I Found You (with Em Beihold) - Em Beihold Version', 176, 73),
(682, 'Say Yes To Heaven', 209, 74),
(683, 'Say Yes To Heaven - Sped Up', 156, 74),
(684, 'From The Start', 169, 75),
(685, 'brutal', 143, 76),
(686, 'traitor', 229, 76),
(687, 'drivers license', 242, 76),
(688, '1 step forward, 3 steps back', 163, 76),
(689, 'deja vu', 215, 76),
(690, 'good 4 u', 178, 76),
(691, 'enough for you', 202, 76),
(692, 'happier', 175, 76),
(693, 'jealousy, jealousy', 173, 76),
(694, 'favorite crime', 152, 76),
(695, 'hope ur ok', 209, 76),
(696, 'In The Stars', 216, 77),
(697, 'Comfort Crowd', 174, 78),
(698, 'Wish You Were Sober', 168, 78),
(699, 'Maniac', 185, 78),
(700, '(Online Love)', 37, 78),
(701, 'Checkmate', 148, 78),
(702, 'The Cut That Always Bleeds', 231, 78),
(703, 'Fight or Flight', 171, 78),
(704, 'Affluenza', 199, 78),
(705, '(Can We Be Friends?)', 57, 78),
(706, 'Heather', 198, 78),
(707, 'Little League', 194, 78),
(708, 'The Story', 245, 78),
(709, 'All Of The Girls You Loved Before', 221, 79),
(710, '712PM', 173, 80),
(711, 'I''M DAT N****', 271, 80),
(712, 'KEEP IT BURNIN (feat. Kanye West)', 207, 80),
(713, 'FOR A NUT (feat. Gunna & Young Thug)', 207, 80),
(714, 'PUFFIN ON ZOOTIEZ', 172, 80),
(715, 'GOLD STACKS', 162, 80),
(716, 'WAIT FOR U (feat. Drake & Tems)', 189, 80),
(717, 'LOVE YOU BETTER', 129, 80),
(718, 'MASSAGING ME', 106, 80),
(719, 'CHICKENS (feat. EST Gee)', 195, 80),
(720, 'WE JUS WANNA GET HIGH', 133, 80),
(721, 'VOODOO (feat. Kodak Black)', 211, 80),
(722, 'HOLY GHOST', 170, 80),
(723, 'THE WAY THINGS GOING', 179, 80),
(724, 'I''M ON ONE (feat. Drake)', 236, 80),
(725, 'BACK TO THE BASICS', 177, 80),
(726, 'doomsday', 268, 81),
(727, 'an ego thing', 170, 81),
(728, 'erase me', 214, 81),
(729, 'called you again', 192, 81),
(730, 'all my ghosts', 197, 81),
(731, 'reckless driving', 189, 81),
(732, 'weird', 209, 81),
(733, 'ceilings', 182, 81),
(734, 'what a shame', 168, 81),
(735, 'firearm', 182, 81),
(736, 'hate to be lame', 156, 81),
(737, 'nobody likes a secret', 108, 81),
(738, 'chemtrails', 237, 81),
(739, 'orange show speedway', 226, 81),
(740, 'Glimpse of Us', 233, 82),
(741, 'you broke me first', 169, 83),
(742, 'MEDIA LUNA', 134, 84),
(743, 'PASAJERO', 149, 84),
(744, 'PÓLVORA', 185, 84),
(745, 'DONDE SE APRENDE A QUERER?', 144, 84),
(746, 'REINA', 211, 84),
(747, 'FANTASÍAS', 191, 84),
(748, 'EL CHACAL', 197, 84),
(749, 'LAGUNA', 246, 84),
(750, 'LOKITA', 154, 84),
(751, 'PIDE', 207, 84),
(752, 'UN DESEO', 218, 84),
(753, 'DIAMONDS', 193, 84),
(754, 'CÓRCEGA', 189, 84),
(755, 'MAREA', 148, 84),
(756, 'AYER Y HOY', 317, 84),
(757, 'BICHOTAG', 133, 85),
(758, 'OKI DOKI', 143, 85),
(759, 'MI EX TENÍA RAZÓN', 154, 85),
(760, 'S91', 173, 85),
(761, 'QLONA', 172, 85),
(762, 'UNA NOCHE EN MEDELLÍN - REMIX', 205, 85),
(763, 'ME TENGO QUE IR', 276, 85),
(764, 'GATITA GANGSTER', 170, 85),
(765, 'DISPO', 193, 85),
(766, 'PROVENZA - REMIX', 187, 85),
(767, 'Columbia', 186, 86),
(768, 'WHERE SHE GOES', 231, 87),
(769, 'Holanda', 231, 88),
(770, 'FERXXO 151', 195, 89),
(771, 'La Bebe - Remix', 234, 90),
(772, 'La Bebe', 223, 90),
(773, 'Primera Cita', 186, 91),
(774, 'Que Onda', 191, 92),
(775, 'BESO', 194, 93),
(776, 'VAMPIROS', 176, 93),
(777, 'PROMESA', 196, 93),
(778, 'DE LUNES A LUNES', 188, 94),
(779, 'ROSA PASTEL', 204, 95),
(780, 'LUNA', 163, 95),
(781, '77', 215, 95),
(782, 'RUBICON', 238, 95),
(783, 'CARNAL', 174, 95),
(784, 'LAS MORRAS', 155, 95),
(785, 'GAVILÁN II', 225, 95),
(786, 'VVS', 162, 95),
(787, 'SU CASA', 138, 95),
(788, 'LADY GAGA', 212, 95),
(789, 'ZAPATA', 177, 95),
(790, 'PRC', 184, 95),
(791, 'LA PEOPLE', 153, 95),
(792, 'NUEVA VIDA', 190, 95),
(793, 'TULUM', 209, 95),
(794, 'LAGUNAS', 231, 95),
(795, 'BYE', 212, 95),
(796, 'Classy 101', 195, 96),
(797, 'Según Quién', 142, 97),
(798, 'La Tierra del Corrido - Spotify Singles', 211, 98),
(799, 'QUEMA', 150, 99),
(800, 'GTA.mp3', 151, 100),
(801, 'Lavender Haze', 202, 101),
(802, 'Maroon', 218, 101),
(803, 'Anti-Hero', 200, 101),
(804, 'Snow On The Beach (feat. Lana Del Rey)', 256, 101),
(805, 'You''re On Your Own, Kid', 194, 101),
(806, 'Midnight Rain', 174, 101),
(807, 'Question...?', 210, 101),
(808, 'Vigilante Shit', 164, 101),
(809, 'Bejeweled', 194, 101),
(810, 'Labyrinth', 247, 101),
(811, 'Karma', 204, 101),
(812, 'Sweet Nothing', 188, 101),
(813, 'Mastermind', 191, 101),
(814, 'Alone Again', 250, 102),
(815, 'Too Late', 239, 102),
(816, 'Hardest To Love', 211, 102),
(817, 'Scared To Live', 191, 102),
(818, 'Snowchild', 247, 102),
(819, 'Escape From LA', 355, 102),
(820, 'Heartless', 198, 102),
(821, 'Faith', 283, 102),
(822, 'Blinding Lights', 200, 102),
(823, 'In Your Eyes', 237, 102),
(824, 'Save Your Tears', 215, 102),
(825, 'Repeat After Me (Interlude)', 195, 102),
(826, 'After Hours', 361, 102),
(827, 'Until I Bleed Out', 190, 102),
(828, 'Future Nostalgia', 184, 103),
(829, 'Don''t Start Now', 183, 103),
(830, 'Cool', 209, 103),
(831, 'Physical', 193, 103),
(832, 'Levitating', 203, 103),
(833, 'Pretty Please', 194, 103),
(834, 'Hallucinate', 208, 103),
(835, 'Love Again', 258, 103),
(836, 'Break My Heart', 221, 103),
(837, 'Good In Bed', 218, 103),
(838, 'Boys Will Be Boys', 166, 103),
(839, 'Levitating (feat. DaBaby)', 203, 103),
(840, 'Fever', 156, 103),
(841, 'Dreamland', 203, 104),
(842, 'Tangerine', 200, 104),
(843, '((home movie: 1994))', 7, 104),
(844, 'Hot Sugar', 234, 104),
(845, '((home movie: btx))', 13, 104),
(846, 'Space Ghost Coast To Coast', 187, 104),
(847, 'Tokyo Drifting', 216, 104),
(848, 'Melon and the Coconut', 148, 104),
(849, 'Your Love (Déjà Vu)', 234, 104),
(850, 'Waterfalls Coming Out Your Mouth', 161, 104),
(851, 'It’s All So Incredibly Loud', 259, 104),
(852, '((home movie: rockets))', 60, 104),
(853, 'Domestic Bliss', 198, 104),
(854, 'Heat Waves', 238, 104),
(855, '((home movie: shoes on))', 31, 104),
(856, 'Helium', 328, 104),
(857, 'STAY (with Justin Bieber)', 141, 105),
(858, 'SNAP', 179, 106),
(859, 'Shakira: Bzrp Music Sessions, Vol. 53', 214, 107),
(860, 'One Kiss (with Dua Lipa)', 214, 108),
(861, 'If We Have Each Other', 181, 109),
(862, 'Water Fountain', 218, 109),
(863, 'Annabelle''s Homework', 192, 109),
(864, 'Let Me Down Slowly', 169, 109),
(865, 'Swim', 144, 109),
(866, 'Boy In The Bubble', 181, 109),
(867, 'Steve', 173, 109),
(868, 'Gotta Be A Reason', 210, 109),
(869, 'Outrunning Karma', 188, 109),
(870, 'If I Killed Someone For You', 185, 109),
(871, 'Death Of A Hero', 191, 109),
(872, '1994', 184, 109),
(873, 'Tides', 195, 110),
(874, 'Shivers', 207, 110),
(875, 'First Times', 185, 110),
(876, 'Bad Habits', 230, 110),
(877, 'Overpass Graffiti', 236, 110),
(878, 'The Joker And The Queen', 185, 110),
(879, 'Leave Your Life', 223, 110),
(880, 'Collide', 210, 110),
(881, '2step', 153, 110),
(882, 'Stop The Rain', 203, 110),
(883, 'Love In Slow Motion', 190, 110),
(884, 'Visiting Hours', 215, 110),
(885, 'Sandman', 259, 110),
(886, 'Be Right Now', 211, 110),
(887, 'Promised', 153, 111),
(888, 'Mosaic', 157, 112),
(889, 'In the Shadows', 169, 112),
(890, 'Melancholy', 179, 112),
(891, 'Colour Me', 190, 113),
(892, 'If Its Too Far', 204, 113),
(893, 'Something I Can´t Feel', 202, 113),
(894, 'My Armour', 200, 113),
(895, 'Sakalas', 176, 114),
(896, 'Oblivion', 151, 115),
(897, 'Once', 175, 115),
(898, 'Earthward', 184, 115),
(899, 'Spherical', 175, 115),
(900, 'Pareidolia', 152, 115),
(901, 'Hiraeth', 180, 115),
(902, 'Aurora', 178, 116),
(903, 'Isolate', 202, 116),
(904, 'Take Me Home', 182, 116),
(905, 'Anglia', 206, 117),
(906, 'Endless Time', 196, 117),
(907, 'In Silence', 202, 117),
(908, 'Protect Your Mind', 194, 117),
(909, 'Aesolace', 181, 118),
(910, 'Nordic Dusk', 192, 119),
(911, 'Forward Momentum', 167, 120),
(912, 'Times of Balance', 172, 121),
(913, 'Eternity', 186, 122),
(914, 'Need Alone TIm', 190, 122),
(915, 'Silence', 194, 122),
(916, 'The New World', 194, 122),
(917, 'Following', 185, 123),
(918, 'Herinneringen', 172, 124),
(919, 'Saltwater', 218, 125),
(920, 'Lizard', 200, 125),
(921, 'Liberation', 192, 125),
(922, 'Infinity Air', 198, 125),
(923, 'Scorchio', 196, 125),
(924, 'Hear You Calling', 194, 125),
(925, 'Dimmed Lights', 166, 126),
(926, 'Quiet Rhythm', 150, 127),
(927, 'Frictionless', 178, 127),
(928, 'Successive', 171, 127),
(929, 'Straight Ahead', 176, 127),
(930, 'Fantasy Mirage', 210, 128),
(931, 'Altaria', 208, 128),
(932, 'The Road', 210, 128),
(933, 'Fjord', 174, 129),
(934, 'Sólestur', 129, 130),
(935, 'When It Was Just A Dream', 205, 131),
(936, 'The East Wind', 212, 132),
(937, 'Always Sleepy', 202, 132),
(938, 'Heavy Cloud', 222, 132),
(939, 'Outpour', 206, 132),
(940, 'Rainfall', 200, 132),
(941, 'Snails In The Rain', 216, 132),
(942, 'Stilhed', 199, 133),
(943, 'Through The Mist', 162, 134),
(944, 'Handwritten', 203, 135),
(945, 'Entirely', 192, 135),
(946, 'Warm Soul', 177, 135),
(947, 'All You Need', 226, 135),
(948, 'Quiet Motions', 195, 136),
(949, 'Silk Under Rain', 186, 137),
(950, 'Lively Bluebottle', 192, 137),
(951, 'From Another View', 178, 138),
(952, 'Prana', 184, 139),
(953, 'Ocean Breath', 157, 139),
(954, 'Immersion', 169, 140),
(955, 'String Of Light', 225, 140),
(956, 'Yalmi', 143, 141),
(957, 'Ulayaw', 188, 142),
(958, 'Surrounded By Clouds', 158, 143),
(959, 'Ich Wünsche', 180, 144),
(960, 'Unendlich', 179, 144),
(961, 'Schneeengel', 166, 144),
(962, 'Teegarden C', 335, 145),
(963, 'Standing Wave', 248, 145),
(964, 'Axiom', 190, 146),
(965, 'Evince', 160, 146),
(966, 'Perception', 191, 146),
(967, 'Epiphany', 172, 147),
(968, 'Awareness', 195, 148),
(969, 'Chapters', 163, 148),
(970, 'Glance Out A Casement Window', 130, 149),
(971, 'This Tender Appeal', 168, 150),
(972, 'Lyrides', 163, 151),
(973, 'Calm Wind', 140, 152),
(974, 'A tale to tell', 130, 153),
(975, 'A Time Long Ago', 135, 154),
(976, 'Waitings', 139, 155),
(977, 'Forevermore', 154, 156),
(978, 'Evening Star', 128, 157),
(979, 'Kastepiisk', 201, 158),
(980, 'Saying Things', 123, 159),
(981, 'Stille Sjø', 151, 160),
(982, 'Tranquillity waltz', 118, 161),
(983, 'land in sight', 200, 162),
(984, 'Dreamt, far hope...', 139, 163),
(985, 'Beauty', 156, 164),
(986, 'Chanson d’été', 163, 165),
(987, 'Sonnet 1', 131, 166),
(988, 'Passeggiata Serale', 132, 167),
(989, 'Augury', 156, 168),
(990, 'Box of Puzzles', 159, 169),
(991, 'emotions', 165, 169),
(992, 'Orange Sky', 129, 170),
(993, 'the echoing truth', 126, 171),
(994, 'So Far So Good', 151, 172),
(995, 'Silent Hills', 156, 172),
(996, 'Speechless', 187, 173),
(997, 'Apricity', 158, 173),
(998, 'Solatium', 126, 174),
(999, 'pursuits.', 119, 174),
(1000, 'efflorescence', 143, 175),
(1001, 'Gather My Thoughts', 183, 176),
(1002, 'Tell A Story', 160, 177),
(1003, 'Keeping it together', 188, 178),
(1004, 'Blue Days', 120, 179),
(1005, 'Neon Sky', 170, 180),
(1006, 'Mind games', 130, 181),
(1007, 'Fresh Paint', 154, 181),
(1008, 'Feel the Breeze', 168, 182),
(1009, 'Peaches', 145, 183),
(1010, 'Infinite Sustain', 149, 184),
(1011, 'The Everlast', 167, 184),
(1012, 'Envelop', 170, 184),
(1013, 'Obsidian', 163, 184),
(1014, 'Chasing the Horizon', 158, 185),
(1015, 'mutual feelings', 143, 185),
(1016, 'Number Games', 167, 186),
(1017, 'mind reader', 169, 186),
(1018, 'Respiro', 125, 187),
(1019, 'Previous', 123, 188),
(1020, 'Ein kurzer Augenblick', 140, 189),
(1021, 'Tro', 213, 190),
(1022, 'Satarsa', 158, 191),
(1023, 'Stilles Sehnen - Upright Reframings', 205, 192),
(1024, 'Persante - Upright Reframings', 134, 192),
(1025, 'Belvedere - Upright Reframings', 185, 192),
(1026, 'Heugstatt', 185, 193),
(1027, 'Lebenszeit', 247, 193),
(1028, 'Old Friend', 125, 193),
(1029, 'Echoes', 120, 194),
(1030, 'Starry Night', 128, 195),
(1031, 'Smile in the wind', 125, 196),
(1032, 'Sorgløs', 127, 197),
(1033, 'Lamento', 154, 198),
(1034, 'Del Mar', 160, 199),
(1035, 'Garden Of Dreams', 169, 200),
(1036, 'Flourish', 151, 201),
(1037, 'Bird of Passage', 127, 202),
(1038, 'Dreamscape', 146, 203),
(1039, 'Nightwalk', 201, 204),
(1040, 'Luminous', 204, 205),
(1041, 'Simple', 129, 206),
(1042, 'Tiles', 151, 207),
(1043, 'Palme', 110, 208),
(1044, 'The Careforce', 136, 209),
(1045, 'Shapes', 140, 210),
(1046, 'Te Pido', 138, 211),
(1047, 'Caminos', 138, 211),
(1048, 'Dorian', 123, 211),
(1049, 'Enthalpy', 152, 212),
(1050, 'outta pocket', 97, 213),
(1051, 'Ranch Water', 113, 214),
(1052, 'Cartoons & Cereal', 235, 215),
(1053, 'Chanterelle', 225, 215),
(1054, 'splash splash', 174, 216),
(1055, 'poolside sipping', 174, 216),
(1056, 'underwater dreaming', 80, 216),
(1057, 'whoops i''m napping', 174, 216),
(1058, 'Dig This Vibe', 120, 217),
(1059, 'dreamality', 143, 218),
(1060, 'Plants for free', 151, 219),
(1061, 'Calypso''s Groove', 124, 220),
(1062, 'Momentum', 121, 221),
(1063, 'Illjazz', 147, 222),
(1064, 'Roadburn', 104, 223),
(1065, 'In Control', 132, 224),
(1066, 'Stay There', 233, 225),
(1067, 'Zodiac', 342, 226),
(1068, 'All Equal', 222, 227),
(1069, 'Hypnotised', 340, 228),
(1070, 'I Can Feel', 298, 228),
(1071, 'Hypnotised - Extended Mix', 386, 228),
(1072, 'I Can Feel - Extended Mix', 389, 228),
(1073, 'Mars', 393, 229),
(1074, 'Meli', 362, 229),
(1075, 'Perfectly Imperfect', 367, 229),
(1076, 'Reminiscing', 258, 230),
(1077, 'Reminiscing - Extended Mix', 409, 230),
(1078, 'Multi', 177, 231),
(1079, 'Phases', 266, 232),
(1080, 'Phases - Extended Mix', 353, 232),
(1081, 'Trust', 295, 233),
(1082, 'Portal', 207, 234),
(1083, 'Echoes', 222, 234),
(1084, 'Petroleum - Fabio Vanore Remix', 544, 235),
(1085, 'High Seas', 595, 236),
(1086, 'Whale', 519, 236),
(1087, 'Darko', 468, 236),
(1088, 'Nanika', 184, 237),
(1089, 'Nanika - Extended Mix', 350, 237),
(1090, 'Voices', 436, 238),
(1091, 'Unfold Me', 391, 238),
(1092, 'Voices - DJEFF Remix', 372, 238),
(1093, 'Wadi Dana', 249, 239),
(1094, 'Millenium - Edit', 220, 240),
(1095, 'Borealis', 152, 241),
(1096, 'Luna', 230, 242),
(1097, 'Luna - Extended Mix', 364, 242),
(1098, 'Postquam', 498, 243),
(1099, 'Prologue: One Ring to Rule Them All', 436, 244),
(1100, 'The Shire', 149, 244),
(1101, 'Bag End', 275, 244),
(1102, 'Very Old Friends', 192, 244),
(1103, 'Flaming Red Hair', 159, 244),
(1104, 'Farewell Dear Bilbo', 105, 244),
(1105, 'Keep It Secret, Keep It Safe', 533, 244),
(1106, 'A Conspiracy Unmasked', 369, 244),
(1107, 'Three Is Company', 118, 244),
(1108, 'The Passing of the Elves', 159, 244),
(1109, 'Saruman the White', 249, 244),
(1110, 'A Shortcut to Mushrooms', 247, 244),
(1111, 'Strider', 154, 244),
(1112, 'The Nazgûl', 364, 244),
(1113, 'Weathertop', 134, 244),
(1114, 'The Caverns of Isengard', 294, 244),
(1115, 'Give up the Halfling', 289, 244),
(1116, 'Orthanc', 66, 244),
(1117, 'Rivendell', 206, 244),
(1118, 'The Sword That Was Broken', 214, 244),
(1119, 'The Council of Elrond Assembles / "Aníron" (feat. Enya)', 241, 244),
(1120, 'The Great Eye', 330, 244),
(1121, 'Gilraen''s Memorial', 301, 244),
(1122, 'The Pass of Caradhras', 304, 244),
(1123, 'The Doors of Durin', 363, 244),
(1124, 'Moria', 147, 244),
(1125, 'Gollum', 146, 244),
(1126, 'Balin''s Tomb', 510, 244),
(1127, 'Dragonborn', 235, 245),
(1128, 'Awake', 92, 245),
(1129, 'From Past to Present', 304, 245),
(1130, 'Unbroken Road', 384, 245),
(1131, 'Ancient Stones', 285, 245),
(1132, 'The City Gates', 226, 245),
(1133, 'Silent Footsteps', 171, 245),
(1134, 'Dragonsreach', 140, 245),
(1135, 'Tooth and Claw', 108, 245),
(1136, 'Under an Ancient Sun', 221, 245),
(1137, 'Death or Sovngarde', 180, 245),
(1138, 'Masser', 364, 245),
(1139, 'Distant Horizons', 232, 245),
(1140, 'Dawn', 237, 245),
(1141, 'The Jerall Mountains', 199, 245),
(1142, 'Steel on Steel', 103, 245),
(1143, 'Secunda', 123, 245),
(1144, 'Imperial Throne', 142, 245),
(1145, 'Frostfall', 206, 245),
(1146, 'Night Without Stars', 41, 245),
(1147, 'Into Darkness', 172, 245),
(1148, 'Kyne''s Peace', 229, 245),
(1149, 'Unbound', 92, 245),
(1150, 'Far Horizons', 331, 245),
(1151, 'A Winter''s Tale', 199, 245),
(1152, 'The Bannered Mare', 148, 245),
(1153, 'The Streets of Whiterun', 244, 245),
(1154, 'One They Fear', 194, 245),
(1155, 'The White River', 209, 245),
(1156, 'Silence Unbroken', 141, 245),
(1157, 'Captain Jefferson', 126, 246),
(1158, 'There is No Time for Stories', 237, 246),
(1159, 'Leaving Wichita', 87, 246),
(1160, 'Arriving at Red River', 78, 246),
(1161, 'Now for Some Federal News', 302, 246),
(1162, 'Johanna''s New Clothes', 191, 246),
(1163, 'The Road to Dallas', 121, 246),
(1164, 'It''s Hard Finding Your Way Home', 125, 246),
(1165, 'Dime Mountain', 578, 246),
(1166, 'What Else Can You Teach Me?', 345, 246),
(1167, 'Erath County', 208, 246),
(1168, 'Kidd Defies Farley', 428, 246),
(1169, 'Johanna Returns Home', 336, 246),
(1170, 'Dust Storm', 207, 246),
(1171, 'A Gift', 133, 246),
(1172, 'Castroville', 134, 246),
(1173, 'Kidd Visits Maria', 294, 246),
(1174, 'Miss Johanna Kidd', 54, 246),
(1175, 'End Titles (from the Motion Picture "News Of The World")', 310, 246),
(1176, 'Scotland', 132, 247),
(1177, 'Mary Queen Of Scots', 85, 247),
(1178, 'Athelstan', 158, 247),
(1179, 'Viking Battles', 61, 247),
(1180, 'Secret Religion', 154, 247),
(1181, 'James Rides Victorious', 171, 247),
(1182, 'Battle Of Stirling', 217, 247),
(1183, 'Plotting', 163, 247),
(1184, 'James'' Scotland', 149, 247),
(1185, 'Aftermath', 187, 247),
(1186, 'Dinner Party Massacre', 142, 247),
(1187, 'Cost Of The Legend', 83, 247),
(1188, 'The Legend Of Wallace', 267, 247),
(1189, 'Polo', 102, 247),
(1190, 'Linlithgow Palace', 126, 247),
(1191, 'Stewarts And Tudors', 84, 247),
(1192, 'Law Of Innocence', 77, 247),
(1193, 'Balliol', 117, 247),
(1194, 'Master Of The Seas', 71, 247),
(1195, 'The Vikings', 76, 247),
(1196, 'Dunad', 145, 247),
(1197, 'Murder In The Church', 213, 247),
(1198, 'Lord Of The Isles', 127, 247),
(1199, 'Ransacking Scotland', 159, 247),
(1200, 'Bruce''s Last Breath', 119, 247),
(1201, 'Outcasts', 100, 247),
(1202, 'Things To Come', 123, 247),
(1203, 'Together', 228, 247),
(1204, 'Main Theme - Reprise', 54, 247),
(1205, 'The World Of The Heart - Main Title - Dragonheart/Soundtrack Version', 199, 248),
(1206, 'To The Stars - Dragonheart/Soundtrack Version', 194, 248),
(1207, 'Wonders Of An Ancient Glory - Dragonheart/Soundtrack Version', 142, 248),
(1208, 'Einon - Dragonheart/Soundtrack Version', 233, 248),
(1209, 'The Last Dragon Slayer - Dragonheart/Soundtrack Version', 241, 248),
(1210, 'Bowen''s Ride - Dragonheart/Soundtrack Version', 155, 248),
(1211, 'Mexican Standoff - Dragonheart/Soundtrack Version', 141, 248),
(1212, 'Draco - Dragonheart/Soundtrack Version', 75, 248),
(1213, 'A Refreshing Swim - Dragonheart/Soundtrack Version', 86, 248),
(1214, 'Re-Baptism - Dragonheart/Soundtrack Version', 168, 248),
(1215, 'Bowen''s Decoy - Dragonheart/Soundtrack Version', 203, 248),
(1216, 'Kyle, The Wheat Boy - Dragonheart/Soundtrack Version', 265, 248),
(1217, 'The Connection - Dragonheart/Soundtrack Version', 146, 248),
(1218, 'Flight To Avalon - Dragonheart/Soundtrack Version', 175, 248),
(1219, 'Finale - Dragonheart/Soundtrack Version', 330, 248),
(1220, 'The Revenant - Main Theme', 161, 249),
(1221, 'Hawk Punished', 134, 249),
(1222, 'Carrying Glass', 187, 249),
(1223, 'First Dream', 185, 249),
(1224, 'Killing Hawk', 229, 249),
(1225, 'Discovering River', 71, 249),
(1226, 'Goodbye to Hawk', 221, 249),
(1227, 'Discovering Buffalo', 163, 249),
(1228, 'Hell Ensemble', 158, 249),
(1229, 'Glass and Buffalo Warrior Travel', 111, 249),
(1230, 'Arriving at Fort Kiowa', 81, 249),
(1231, 'Church Dream', 158, 249),
(1232, 'Powaqa Rescue', 335, 249),
(1233, 'Imagining Buffalo', 159, 249),
(1234, 'The Revenant - Theme 2', 114, 249),
(1235, 'Second Dream', 73, 249),
(1236, 'Out of Horse', 237, 249),
(1237, 'Looking for Glass', 171, 249),
(1238, 'Cat & Mouse', 342, 249),
(1239, 'The Revenant - Main Theme Atmospheric', 170, 249),
(1240, 'Final Fight', 395, 249),
(1241, 'The End', 136, 249),
(1242, 'The Revenant Theme - Alva Noto Remodel', 240, 249),
(1243, 'The Ballad of the Lake of Tears', 141, 250),
(1244, 'Destiny', 216, 251),
(1245, 'Creatures', 129, 251),
(1246, 'Fate Has Smiled Upon Us', 122, 251),
(1247, 'Godfrey', 212, 251),
(1248, 'Ambush', 75, 251),
(1249, 'Pact Sworn in Blood', 172, 251),
(1250, 'Returning the Crown', 73, 251),
(1251, 'Planting the Fields', 77, 251),
(1252, 'Sherwood Forest', 139, 251),
(1253, 'John Is King', 241, 251),
(1254, 'Robin Speaks', 153, 251),
(1255, 'Killing Walter', 121, 251),
(1256, 'Nottingham Burns', 132, 251),
(1257, 'Siege', 130, 251),
(1258, 'Landing of the French', 168, 251),
(1259, 'Walter''s Burial', 184, 251),
(1260, 'Preparing for Battle', 160, 251),
(1261, 'Charge', 78, 251),
(1262, 'Clash', 161, 251),
(1263, 'The Final Arrow', 149, 251),
(1264, 'The Legend Begins', 87, 251),
(1265, 'Merry Men', 108, 251),
(1266, 'African Rundown', 412, 252),
(1267, 'Nothing Sinister', 87, 252),
(1268, 'Unauthorised Access', 68, 252),
(1269, 'Blunt Instrument', 142, 252),
(1270, 'CCTV', 89, 252),
(1271, 'Solange', 59, 252),
(1272, 'Trip Aces', 126, 252),
(1273, 'Miami International', 762, 252),
(1274, 'I''m The Money', 27, 252),
(1275, 'Aston Montenegro', 63, 252),
(1276, 'Dinner Jackets', 112, 252),
(1277, 'The Tell', 203, 252),
(1278, 'Stairwell Fight', 252, 252),
(1279, 'Vesper', 104, 252),
(1280, 'Bond Loses It All', 236, 252),
(1281, 'Dirty Martini', 229, 252),
(1282, 'Bond Wins It All', 272, 252),
(1283, 'The End of an Aston Martin', 90, 252),
(1284, 'The Bad Die Young', 78, 252),
(1285, 'City of Lovers', 210, 252),
(1286, 'The Switch', 307, 252),
(1287, 'Fall of a House in Venice', 113, 252),
(1288, 'Death of Vesper', 170, 252),
(1289, 'The Bitch is Dead', 65, 252),
(1290, 'The Name''s Bond... James Bond', 169, 252),
(1291, 'The Beach and the Past', 172, 253),
(1292, 'The King and the Protestors', 150, 253),
(1293, 'Princess of Nowhere', 231, 253),
(1294, 'Alone', 70, 253),
(1295, 'Barcarolle', 132, 253),
(1296, 'The Letter', 78, 253),
(1297, 'The Reception', 128, 253),
(1298, 'The Shells', 138, 253),
(1299, 'Memory', 96, 253),
(1300, 'The World in the Room', 97, 253),
(1301, 'Ka''iulani', 126, 253),
(1302, 'What Happened to Our Country', 138, 253),
(1303, 'New World', 140, 253),
(1304, 'The Pepper Story', 70, 253),
(1305, 'Plotting', 96, 253),
(1306, 'The Beach and the Letter', 106, 253),
(1307, 'Eden Lost', 106, 253),
(1308, 'The Amendment', 82, 253),
(1309, 'Leave Taking', 184, 253),
(1310, 'A Nation Died', 102, 253),
(1311, 'The End', 203, 253),
(1312, 'Barcarolle - Long Version', 292, 253),
(1313, 'The House of Tom Bombadil', 96, 254),
(1314, 'Moria', 124, 254),
(1315, 'Drums in the Deep', 139, 254),
(1316, 'Ages of the Golden Wood', 219, 254),
(1317, 'Learning to Ride', 183, 254),
(1318, 'Horse Lords of Norcrofts', 170, 254),
(1319, 'Khazad-Dum', 208, 254),
(1320, 'Tears of Nimrodel', 209, 254),
(1321, 'Urgent Errands', 188, 254),
(1322, 'Hills of the Shire', 154, 254),
(1323, 'Song of the Dwarves', 198, 254),
(1324, 'The Hollin Gate', 202, 254),
(1325, 'Calm Before the Storm', 205, 254),
(1326, 'Lotro Legacy', 167, 254),
(1327, 'Theme for Rohan', 207, 254),
(1328, 'The Eored', 66, 254),
(1329, 'Corruption and High Treason', 202, 254),
(1330, 'Rivendell', 123, 254),
(1331, 'Chant for Sauron', 176, 254),
(1332, 'Boromir''s Last Stand', 65, 254),
(1333, 'Shadow of the Argonath', 188, 254),
(1334, 'The Entwash Vale', 198, 254),
(1335, 'Orc Hunt', 264, 254),
(1336, 'The Grey Havens', 138, 254),
(1337, 'Party in the Shire', 82, 254),
(1338, 'Heart of a Hero', 143, 254),
(1339, 'Soup', 103, 255),
(1340, 'It''s Great To Be a Rat', 83, 255),
(1341, 'Main Title / Prologue', 158, 255),
(1342, 'The Village Of Dor', 137, 255),
(1343, 'Andre & Bolbo', 87, 255),
(1344, 'The Soup Is Served', 71, 255),
(1345, 'Roscuro''s Fall', 162, 255),
(1346, 'A King''s Sadness', 120, 255),
(1347, 'Mouse World / A Mouse Is Born', 191, 255),
(1348, 'Lonely Roscuro', 75, 255),
(1349, 'The Royal Library', 90, 255),
(1350, 'Once Upon a Time', 150, 255),
(1351, 'I Am a Gentleman / Mig''s Story', 219, 255),
(1352, 'Banishment', 188, 255),
(1353, 'In The Dungeon', 62, 255),
(1354, 'Cat and Mouse', 123, 255),
(1355, 'Roscuro and Despereaux', 131, 255),
(1356, 'Mig Steals the Crown', 80, 255),
(1357, 'Roscuro''s Apology', 225, 255),
(1358, 'Gregory Gives Mig Away', 62, 255),
(1359, 'The Quest', 236, 255),
(1360, 'Despereaux Is Back', 195, 255),
(1361, 'Boldo and Despereaux Charge!', 99, 255),
(1362, 'A Change of Heart', 134, 255),
(1363, 'Rescuing the Princess', 187, 255),
(1364, 'Epilogue', 163, 255),
(1365, 'Two Worlds II - Theme', 120, 256),
(1366, 'Trail Of Hatmandor', 210, 256),
(1367, 'The Golden Cliff', 180, 256),
(1368, 'Dragon Queen', 125, 256),
(1369, 'Brooding Lands', 220, 256),
(1370, 'Jungle of Antaloor', 58, 256),
(1371, 'Heart of The Wild', 130, 256),
(1372, 'A Far East Dream', 104, 256),
(1373, 'New Ashos', 167, 256),
(1374, 'Edge of Darkness', 208, 256),
(1375, 'Grave March', 180, 256),
(1376, 'Lands of Despair', 136, 256),
(1377, 'Road To Temptation', 166, 256),
(1378, 'New World', 63, 256),
(1379, 'Voices From The Past', 203, 256),
(1380, 'Veneficus University', 80, 256),
(1381, 'Hounted Grounds', 225, 256),
(1382, 'Sands and Blood', 102, 256),
(1383, 'Eastern Falvours', 133, 256),
(1384, 'Desert Traces', 92, 256),
(1385, 'Into The Mist', 135, 256),
(1386, 'Green Fields Of Antaloor', 278, 256),
(1387, 'Ad Mortem', 128, 256),
(1388, 'Play with me, my fellow!', 123, 256),
(1389, 'Under Canvas', 145, 256),
(1390, 'Two Worlds II Theme (Reprise)', 244, 256),
(1391, 'Two Worlds II-Theme -The Road is still long', 189, 256),
(1392, 'Little Teardrop', 292, 256),
(1393, 'Two Worlds II Rock Vocal Theme', 246, 256),
(1394, 'Tavern 01', 55, 256),
(1395, 'Main Theme', 116, 257),
(1396, 'We Named Her Ku', 61, 257),
(1397, 'A Yearning for the Sky', 211, 257),
(1398, 'A Keepsake from the Past', 142, 257),
(1399, 'Ku''s First Flight', 164, 257),
(1400, 'Separated by the Storm', 227, 257),
(1401, 'Howl', 66, 257),
(1402, 'Now Use the Light, We Want to See!', 325, 257),
(1403, 'A Shine Upon Inkwater Marsh', 186, 257),
(1404, 'Overlooking the Mill', 224, 257),
(1405, 'The Eyes of Kwolok', 277, 257),
(1406, 'Kwolok''s Hollow', 248, 257),
(1407, 'Hornbug', 113, 257),
(1408, 'Dashing and Bashing', 259, 257),
(1409, 'Meeting Kwolok', 69, 257),
(1410, 'Kwolok''s Throne Room', 161, 257),
(1411, 'Sanctuary in the Glades', 165, 257),
(1412, 'The Ancient Wellspring', 174, 257),
(1413, 'A Look Inside', 188, 257),
(1414, 'Trouble Within', 42, 257),
(1415, 'Turn, Turn, Turn Again', 216, 257),
(1416, 'Amelioration', 129, 257),
(1417, 'Escaping a Foul Presence', 125, 257),
(1418, 'Silent Woodlands', 220, 257),
(1419, 'Reunification', 185, 257),
(1420, 'Ash and Bone', 220, 257),
(1421, 'Shriek', 81, 257),
(1422, 'Fading of the Light', 249, 257),
(1423, 'The Story of Niwen', 135, 257),
(1424, 'Shadows of Mouldwood', 310, 257),
(1425, 'Pi''s Lullaby', 222, 258),
(1426, 'Piscine Molitor Patel / Sous le Ciel de Paris', 219, 258),
(1427, 'Pondicherry', 72, 258),
(1428, 'Meeting Krishna', 111, 258),
(1429, 'Christ in the Mountains', 73, 258),
(1430, 'Thank you Vishnu for Introducing me to Christ / Raga Ahir Bhairav', 55, 258),
(1431, 'Richard Parker', 54, 258),
(1432, 'Appa''s Lesson', 66, 258),
(1433, 'Anandi', 55, 258),
(1434, 'Leaving India', 80, 258),
(1435, 'The Deepest Spot on Earth', 48, 258),
(1436, 'Tsimtsum', 169, 258),
(1437, 'Death of the Zebra', 33, 258),
(1438, 'First Night, First Day', 225, 258),
(1439, 'Set Your House in Order', 130, 258),
(1440, 'Skinny Vegetarian Boy', 136, 258),
(1441, 'Pi and Richard Parker', 134, 258),
(1442, 'The Whale', 122, 258),
(1443, 'Flying Fish', 49, 258),
(1444, 'Tiger Training', 82, 258),
(1445, 'Orphans', 96, 258),
(1446, 'Tiger Vision', 271, 258),
(1447, 'God Storm', 222, 258),
(1448, 'I''m Ready now', 201, 258),
(1449, 'The Island', 119, 258),
(1450, 'Back to the World', 500, 258),
(1451, 'The Second Story', 242, 258),
(1452, 'Which Story do you Prefer?', 125, 258),
(1453, 'Storybook', 82, 259),
(1454, 'Goodbye, Farewell', 79, 259),
(1455, 'Not Doing Nothing Anymore', 169, 259),
(1456, 'I Would Have Liked It to Go on for a While Longer', 124, 259),
(1457, 'Chapters', 179, 259),
(1458, 'Evelyn Goes It Alone', 153, 259),
(1459, 'Easy to Lose Your Way on a Foggy Day', 160, 259),
(1460, 'Through the Tree', 85, 259),
(1461, 'It''s Not Stress, It''s Pooh', 88, 259),
(1462, 'Train Station', 148, 259),
(1463, 'Sussex', 72, 259),
(1464, 'Returning to the Hundred Acre Wood', 266, 259),
(1465, 'Did You Let Me Go?', 217, 259),
(1466, 'Swimmer or Sinker', 131, 259),
(1467, 'Heffalump Battle', 90, 259),
(1468, 'Is It Christopher Robin?', 114, 259),
(1469, 'But I Found You, Didn''t I?', 155, 259),
(1470, 'Madeline''s Red Balloon', 54, 259),
(1471, 'Expotition to London', 254, 259),
(1472, 'Nothing Ever Bad Came from Bouncing', 100, 259),
(1473, 'A Father of Very Little Brain', 214, 259),
(1474, 'My Favorite Day', 162, 259),
(1475, 'I Do Nothing Every Day', 177, 259),
(1476, 'Busy Doing Nothing', 45, 259),
(1477, 'Christopher Robin', 78, 259),
(1478, 'Inner Sanctum / The Nesting Grounds', 177, 260),
(1479, 'The Egg Travels', 163, 260),
(1480, 'Aladar & Neera', 208, 260),
(1481, 'The Courtship', 252, 260),
(1482, 'The End Of Our Island', 240, 260),
(1483, 'They''re All Gone', 128, 260),
(1484, 'Raptors / Stand Together', 337, 260),
(1485, 'Across The Desert', 144, 260),
(1486, 'Finding Water', 253, 260),
(1487, 'The Cave', 220, 260),
(1488, 'The Carnotaur Attack', 232, 260),
(1489, 'Neera Rescues The Orphans', 72, 260),
(1490, 'Breakout', 163, 260),
(1491, 'It Comes With A Pool', 181, 260),
(1492, 'Kron & Aladar Fight', 177, 260),
(1493, 'Epilogue - Dinosaur', 152, 260),
(1494, 'Main Title (from “Game of Thrones”)', 105, 261),
(1495, 'The Heirs of the Dragon', 147, 261),
(1496, 'Reign of the Targaryens', 91, 261),
(1497, 'Rhaenyra''s Welcome', 99, 261),
(1498, 'A Pack of Hounds', 177, 261),
(1499, 'The Tournament', 111, 261),
(1500, 'An Impossible Choice', 94, 261),
(1501, 'The Rogue Prince', 103, 261),
(1502, 'The Prince That Was Promised', 274, 261),
(1503, 'Compromise and Consequences', 173, 261),
(1504, 'The Power of Prophecy', 156, 261),
(1505, 'Trouble in the Stepstones', 145, 261),
(1506, 'Surrender', 254, 261),
(1507, 'King of the Narrow Sea', 377, 261),
(1508, 'Lanterns at Nightfall', 300, 261),
(1509, 'Whatever May Come', 173, 261),
(1510, 'House Velaryon', 158, 261),
(1511, 'The Green Dress', 170, 261),
(1512, 'First Dance', 65, 261),
(1513, 'Celebration Dance', 134, 261),
(1514, 'Targaryen Dance', 114, 261),
(1515, 'We Light the Way', 167, 261),
(1516, 'Destiny', 176, 261),
(1517, 'Pass Judgement', 260, 261),
(1518, 'Funeral by the Sea', 180, 261),
(1519, 'Daemon and Rhaenyra', 161, 261),
(1520, 'Aemond Rides Vhagar', 190, 261),
(1521, 'The Hard Truth', 151, 261),
(1522, 'Sealed in Fire and Blood', 250, 261),
(1523, 'Protector of the Realm', 195, 261),
(1524, 'Geralt of Rivia', 112, 262),
(1525, 'Toss A Coin To Your Witcher', 190, 262),
(1526, 'Happy Childhoods Make For Dull Company', 196, 262),
(1527, 'The Time of Axe and Sword Is Now', 296, 262),
(1528, 'They''re Alive', 101, 262),
(1529, 'Tomorrow I''ll Leave Blaviken For Good', 93, 262),
(1530, 'Her Sweet Kiss', 120, 262),
(1531, 'It''s an Ultimatum', 234, 262),
(1532, 'Round of Applause', 69, 262),
(1533, 'Marilka That''s My Name', 167, 262),
(1534, 'I''m Helping the Idiot', 164, 262),
(1535, 'The Knight Who Was Taught to Save Dragons', 305, 262),
(1536, 'Ragamuffin', 268, 262),
(1537, 'The Last Rose of Cintra', 143, 262),
(1538, 'Late Wee Pups Don''t Get to Bark', 159, 262),
(1539, 'You Will Rule This Land Someday', 271, 262),
(1540, 'The Fishmonger''s Daughter', 76, 262),
(1541, 'Blaviken Inn', 94, 262),
(1542, 'Man in Black', 244, 262),
(1543, 'The Great Cleansing', 244, 262),
(1544, 'The Law of Surprise', 270, 262),
(1545, 'Battle of Marnadal', 257, 262),
(1546, 'Pretty Ballads Hide Bastard Truths', 139, 262),
(1547, 'Giltine the Artist', 102, 262),
(1548, 'Everytime You Leave', 127, 262),
(1549, 'Rewriting History', 234, 262),
(1550, 'The End''s Beginning', 138, 262),
(1551, 'Gold Dragons Are the Rarest', 349, 262),
(1552, 'Bonfire', 134, 262),
(1553, 'Children Are Our Favorite', 196, 262),
(1554, 'Suite bergamasque, L. 75: III. Clair de Lune (Transcribed for Harp)', 278, 263),
(1555, 'Introduction et Allegro, M. 46', 601, 263),
(1556, 'Gymnopédie No. 1 (Arr. for Harp)', 216, 263),
(1557, 'Comptine d''un autre été: L''après-midi', 126, 263),
(1558, 'La Valse des monstres', 214, 263),
(1559, 'La Fille aux cheveux de lin, L. 117', 160, 263),
(1560, 'La Valse d''Amélie', 158, 263),
(1561, 'Gnossienne No. 1', 273, 263),
(1562, 'Gnossienne No. 2', 126, 263),
(1563, 'Gnossienne No. 3', 202, 263),
(1564, 'Gnossienne No. 5', 174, 263),
(1565, 'Bruyères, L. 123', 185, 263),
(1566, 'Dances for Harp and Orchestra, L. 103: 1. Danse sacrée', 293, 263),
(1567, 'Dances for Harp and Orchestra, L. 103: 2. Danse profane', 279, 263),
(1568, 'Sur le fil', 264, 263),
(1569, 'The Well-Tempered Clavier, Book 1, BWV 846-869 / Prelude & Fugue in C Major, BWV 846: I. Prelude', 139, 264),
(1570, 'Bagatelle No. 25 in A Minor, WoO 59 "Für Elise"', 206, 264),
(1571, 'The Departure', 151, 264),
(1572, 'Lieder ohne Worte, Op. 67: No. 4 in C Major. Presto "Spinning Song"', 109, 264),
(1573, 'Suite bergamasque, CD 82: III. Clair de lune', 407, 264),
(1574, 'Children''s Corner, CD 119: I. Doctor Gradus ad Parnassum', 167, 264),
(1575, '24 Préludes, Op. 28: No. 15 in D Flat Major. Sostenuto "Raindrop"', 394, 264),
(1576, 'Piano Sonata No. 16 in C Major, K. 545 "Sonata facile": I. Allegro', 294, 264),
(1577, 'Sonatina No. 1 in C Major, Op. 36: II. Andante', 91, 264),
(1578, 'The School of Velocity, Op. 299: No. 1 in C Major. Presto', 34, 264),
(1579, '6 Pieces for Piano, Vol. 2: No. 4, La valse d''Amélie', 170, 264),
(1580, 'Rêverie, CD 76', 329, 264),
(1581, '6 Moments musicaux, Op. 94, D. 780: No. 3 in F Minor. Allegro moderato', 122, 264),
(1582, 'Lyric Pieces, Op. 43: No. 6, To Spring', 239, 264),
(1583, 'Album für die Jugend, Op. 68 / Pt. 1: Für Kleinere: No. 8, Wilder Reiter', 35, 264),
(1584, 'Villageoises, FP 65: No. 2, Staccato', 44, 264),
(1585, 'The Merry Shepherd Boy', 93, 264),
(1586, 'Merry Christmas Mr. Lawrence (Arr. for Piano)', 336, 264),
(1587, 'The Maiden''s Prayer, Op. 4', 266, 264),
(1588, '12 Variations in C Major on "Ah, vous dirai-je Maman", K. 265: Tema "Twinkle, Twinkle, Little Star"', 35, 264),
(1589, '12 Variations in C Major on "Ah, vous dirai-je Maman", K. 265: Variation No. 1', 31, 264),
(1590, '12 Variations in C Major on "Ah, vous dirai-je Maman", K. 265: Variation No. 2', 32, 264),
(1591, '12 Variations in C Major on "Ah, vous dirai-je Maman", K. 265: Variation No. 3', 35, 264),
(1592, '12 Variations in C Major on "Ah, vous dirai-je Maman", K. 265: Variation No. 4', 34, 264),
(1593, '12 Variations in C Major on "Ah, vous dirai-je Maman", K. 265: Variation No. 5', 33, 264),
(1594, '12 Variations in C Major on "Ah, vous dirai-je Maman", K. 265: Variation No. 6', 30, 264),
(1595, '12 Variations in C Major on "Ah, vous dirai-je Maman", K. 265: Variation No. 7', 33, 264),
(1596, '12 Variations in C Major on "Ah, vous dirai-je Maman", K. 265: Variation No. 8', 44, 264),
(1597, '12 Variations in C Major on "Ah, vous dirai-je Maman", K. 265: Variation No. 9', 35, 264),
(1598, '12 Variations in C Major on "Ah, vous dirai-je Maman", K. 265: Variation No. 10', 32, 264),
(1599, 'Scherzo No. 1 in B Minor, Op. 20', 498, 265),
(1600, 'Nocturne No. 5 in F-Sharp Major, Op. 15, No. 2', 191, 265),
(1601, 'Scherzo No. 4 in E Major, Op. 54', 598, 265),
(1602, 'Nocturne No. 19 in E Minor, Op. 72, No. 1', 241, 265),
(1603, 'Scherzo No. 3 in C-Sharp Minor, Op. 39', 400, 265),
(1604, 'Nocturne in C-Sharp Minor, Op. Posth.', 226, 265),
(1605, 'Scherzo No. 2 in B-Flat Minor, Op. 31', 552, 265),
(1606, '6 Chants polonais de Frédéric Chopin, S. 480: No. 5, My Joys', 202, 265),
(1607, '6 Chants polonais de Frédéric Chopin, S. 480: No. 1, The Maiden''s Wish', 219, 265),
(1608, 'En rêve, S. 207', 138, 265),
(1609, 'Gaspard de la nuit, M. 55: No. 1, Ondine', 395, 265),
(1610, 'Gaspard de la nuit, M. 55: No. 2, Le gibet', 329, 265),
(1611, 'Gaspard de la nuit, M. 55: No. 3, Scarbo', 521, 265),
(1612, 'Blow The Wind Southerly (Arr. Kanneh-Mason for Cello)', 142, 266),
(1613, 'Variations on an Original Theme, Op. 36 "Enigma": 9. Nimrod. Adagio (Arr. Parkin for Cello Ensemble)', 240, 266),
(1614, 'Cello Concerto in E Minor, Op. 85: I. Adagio - Moderato', 493, 266),
(1615, 'Cello Concerto in E Minor, Op. 85: II. Lento - Allegro molto', 260, 266),
(1616, 'Cello Concerto in E Minor, Op. 85: III. Adagio', 293, 266),
(1617, 'Cello Concerto in E Minor, Op. 85: IV. Allegro', 696, 266),
(1618, 'Romance in D Minor, Op. 62 (Arr. Parkin for String Ensemble)', 336, 266),
(1619, '4 Short Pieces, H. 104: No. 2, Spring Song (Arr. Parkin for Cello and String Quartet)', 136, 266),
(1620, 'Scarborough Fair (Arr. Parkin for Cello and Guitar)', 194, 266),
(1621, 'Prelude, B 63', 292, 266),
(1622, 'From Jewish Life, B 54: 1. Prayer (Arr. B. Kanneh-Mason for Violin and Cello)', 274, 266),
(1623, 'Elégie in C Minor, Op. 24 (Arr. Parkin for Cello Ensemble)', 455, 266),
(1624, 'Hymnus, Op. 57', 314, 266),
(1625, 'Preludes, Op. 28: No. 1, Agitato', 33, 267),
(1626, 'Preludes, Op. 28: No. 2, Lento', 101, 267),
(1627, 'Preludes, Op. 28: No. 3, Vivace', 54, 267),
(1628, 'Preludes, Op. 28: No. 4, Largo', 131, 267),
(1629, 'Preludes, Op. 28: No. 5, Allegro molto', 34, 267),
(1630, 'Preludes, Op. 28: No. 6, Lento Assai', 118, 267),
(1631, 'Preludes, Op. 28: No. 7, Andantino', 47, 267),
(1632, 'Preludes, Op. 28: No. 8, Molto Agitato', 109, 267),
(1633, 'Preludes, Op. 28: No. 9, Largo', 79, 267),
(1634, 'Preludes, Op. 28: No. 10, Allegro molto', 33, 267),
(1635, 'Preludes, Op. 28: No. 11, Vivace', 39, 267),
(1636, 'Preludes, Op. 28: No. 12, Presto', 76, 267),
(1637, 'Preludes, Op. 28: No. 13, Lento', 169, 267),
(1638, '24 Préludes, Op. 28: No.14 in E flat minor - Allegro', 28, 267),
(1639, 'Preludes, Op. 28: No. 15, Sostenuto', 339, 267),
(1640, 'Preludes, Op. 28: No. 16, Presto con fuoco', 70, 267),
(1641, 'Preludes, Op. 28: No. 17, Allegretto', 176, 267),
(1642, 'Preludes, Op. 28: No. 18, Allegro molto', 57, 267),
(1643, 'Preludes, Op. 28: No. 19, Cantabile', 80, 267),
(1644, 'Preludes, Op. 28: No. 20, Largo', 106, 267),
(1645, 'Preludes, Op. 28: No. 21, Cantabile', 92, 267),
(1646, 'Preludes, Op. 28: No. 22, Molto agitato', 46, 267),
(1647, 'Preludes, Op. 28: No. 23, Moderato', 58, 267),
(1648, 'Preludes, Op. 28: No. 24, Allegro appassionato', 168, 267),
(1649, 'Música Callada, No. 15', 132, 267),
(1650, '3 Nouvelles Etudes, B 130: I. Andantino', 102, 267),
(1651, '3 Nouvelles Etudes, B 130: II. Allegretto', 112, 267),
(1652, '3 Nouvelles Etudes, B 130: III. Allegro', 109, 267),
(1653, 'Prelude No. 9', 108, 267),
(1654, 'Prelude in C-Sharp Minor, Op. 45', 318, 267),
(1655, 'Lyric Pieces, Book 5, Op. 54: Nocturne', 220, 268),
(1656, 'Preludes, Op. 23: No. 4 in D Major: Andante cantabile', 269, 268),
(1657, 'Orchestral Suite No. 3 in D Major, BWV 1068: Air (Arr. Alexander Siloti)', 332, 268),
(1658, 'Flute Sonata in E-Flat Major, BWV 1031: Siciliano (Arr. Alexander Siloti)', 137, 268),
(1659, 'Sheep May Safely Graze, BWV 208 (arr. Egon Petri)', 318, 268),
(1660, '8 Klavierstücke, Op. 76 No. 6: Intermezzo in A Major', 281, 268),
(1661, 'Waltz in A-Flat Major, Op. 39 No. 15', 78, 268),
(1662, 'Waltz in E Major, Op. 39 No. 2', 64, 268),
(1663, 'Vocalise, Op. 34, No. 14 (arr. Alessio Bax)', 383, 268),
(1664, 'Sonata No. 14 in C-Sharp Minor, Op. 27, No. 2 "Moonlight": II. Allegretto', 127, 268),
(1665, 'Keyboard Concerto in F Minor, BWV 1056: Largo (Trans. Alessio Bax)', 222, 268),
(1666, '8 Klavierstücke, Op. 76 No. 3: Intermezzo in A-Flat Major', 133, 268),
(1667, 'Violin Sonata No. 1 in G Minor, BWV 1001: Siciliana (Trans. Leopold Godowsky)', 230, 268),
(1668, 'Violin Sonata No. 2 in A Minor, BWV 1003: Andante (Trans. Alexander Siloti)', 291, 268),
(1669, 'Prelude for Left Hand Alone, Op. 9', 164, 268),
(1670, 'Prelude in G-Flat Major, Op. 23 No. 10', 215, 268),
(1671, 'Piano Concerto No. 27 in B-Flat Major, K. 595: II. Larghetto', 519, 268),
(1672, 'Lo, the full, final sacrifice, Op. 26: Amen - Instrumental', 160, 269),
(1673, 'Dies Natalis, Op. 8 - Arr. Sheppard: 5. The Salutation - Instrumental', 257, 269),
(1674, 'Who is Sylvia?, Op.18, No.2 - Instrumental', 102, 269),
(1675, 'Love''s Labour''s Lost, Op. 28: 1. Soliloquy 1: So sweet a kiss the golden sun gives not - Instrumental', 103, 269),
(1676, 'Love''s Labour''s Lost, Op. 28: 2. Soliloquy 2: Did not the heavenly rhetoric of thine eye - Instrumental', 92, 269),
(1677, 'Love''s Labour''s Lost, Op. 28: 3. Soliloquy 3: On a day, alack the day - Instrumental', 76, 269),
(1678, 'Clear and gentle stream, Op. 17, No. 4 - Instrumental', 270, 269),
(1679, 'Rollicum Rorum, Op. 15, No. 6 - Instrumental', 103, 269),
(1680, 'Introit, Op. 6', 514, 269),
(1681, 'Come away, come away death, Op.18, No.1 - Instrumental', 223, 269),
(1682, 'Prelude, Op. 25', 270, 269),
(1683, 'Romance, Op. 11', 454, 269),
(1684, 'To Lizbie Brown, Op.15, No.7 - Instrumental', 246, 269),
(1685, 'Dies Natalis, Op. 8: 1. Intrada', 326, 269),
(1686, 'Fear no more the heat of the sun, Op.18, No.3 - Instrumental', 336, 269),
(1687, 'A Severn Rhapsody, Op. 3 - Instrumental', 396, 269),
(1688, 'Eclogue Op. 10', 665, 269),
(1689, 'Five Bagatelles, Op. 23 - Arr. Ashmore, Dickson: 3. Carol', 125, 269),
(1690, 'Five Bagatelles, Op. 23 - Arr. Ashmore, Dickson: 4. Forlana', 181, 269),
(1691, 'Dawn - From "Pride & Prejudice" Soundtrack', 158, 270),
(1692, 'Stars and Butterflies - From "Pride & Prejudice" Soundtrack', 118, 270),
(1693, 'The Living Sculptures Of Pemberley - From "Pride & Prejudice" Soundtrack', 181, 270),
(1694, 'Meryton Townhall - From "Pride & Prejudice" Soundtrack', 72, 270),
(1695, 'The Militia Marches In - From "Pride & Prejudice" Soundtrack', 56, 270),
(1696, 'Georgiana - From "Pride & Prejudice" Soundtrack', 95, 270),
(1697, 'Arrival To Netherfield - From "Pride & Prejudice" Soundtrack', 98, 270),
(1698, 'A Postcard to Henry Purcell - From "Pride & Prejudice" Soundtrack', 159, 270),
(1699, 'Liz On Top Of The World - From "Pride & Prejudice" Soundtrack', 82, 270),
(1700, 'Leaving Netherfield - From "Pride & Prejudice" Soundtrack', 100, 270),
(1701, 'Another Dance - From "Pride & Prejudice" Soundtrack', 74, 270),
(1702, 'The Secret Life Of Daydreams - From "Pride & Prejudice" Soundtrack', 115, 270),
(1703, 'Darcy''s Letter - From "Pride & Prejudice" Soundtrack', 236, 270),
(1704, 'Can''t Slow Down - From "Pride & Prejudice" Soundtrack', 69, 270),
(1705, 'Your Hands Are Cold - From "Pride & Prejudice" Soundtrack', 322, 270),
(1706, 'Mrs Darcy - From "Pride & Prejudice" Soundtrack', 223, 270),
(1707, 'End Credits - From "Pride & Prejudice" Soundtrack', 287, 270),
(1708, 'Gnossienne No. 1', 296, 271),
(1709, 'Nocturne No. 2 in E-Flat Major, Op. 9 No. 2', 273, 272),
(1710, 'Nocturne No. 4 in F Major , Op. 15 No. 1', 267, 272),
(1711, 'Nocturne No. 5 in F-Sharp Minor, Op. 15 No. 2', 233, 272),
(1712, 'Nocturne No. 6 in G Minor, Op. 15 No. 3', 236, 272),
(1713, 'Nocturne No. 7 in C-Sharp Minor, Op. 27 No. 1', 294, 272),
(1714, 'Nocturne No. 9 in B Major , Op. 32 No. 1', 320, 272),
(1715, 'Nocturne No. 11 in G Minor, Op. 37 No. 1', 343, 272),
(1716, 'Nocturne No. 12 in G Major, Op. 37 No. 2', 344, 272),
(1717, 'Nocturne No. 13 in C Minor, Op. 48 No. 1', 374, 272),
(1718, 'Nocturne No. 14 in F-Sharp Minor, Op. 48 No. 2', 432, 272),
(1719, 'Nocturne No. 15 in F Minor, Op. 55 No. 1', 280, 272),
(1720, 'Nocturne No. 18 in E Major , Op. 62 No. 2', 370, 272),
(1721, 'Nocturne No. 19 in E Minor, Op. 72 No. 1', 262, 272),
(1722, 'Piano Concerto in A Minor, Op. 16: I. Allegro molto moderato', 820, 273),
(1723, 'Piano Concerto in A Minor, Op. 16: II. Adagio', 407, 273),
(1724, 'Piano Concerto in A Minor, Op. 16: III. Allegro moderato molto e marcato', 621, 273),
(1725, 'Lyric Pieces, Book 1, Op. 12: I. Arietta', 85, 273),
(1726, 'Lyric Pieces, Op. 38, Book II: VIII. Kanon (Allegretto con moto)', 300, 273),
(1727, 'Lyric Pieces, Op. 43, Book III: I. Sommerfugl (Allegro grazioso)', 114, 273),
(1728, 'Lyric Pieces, Op. 43, Book III: II. Ensom vandrer (Allegretto semplice)', 140, 273),
(1729, 'Lyric Pieces, Livre 4, Op. 47: III. Melodi (Allegretto)', 219, 273),
(1730, 'Lyric Pieces, Op, 52, Book V: III. Trolltog (Allegro moderato)', 179, 273),
(1731, 'Lyric Pieces, Livre 5, Op. 54: IV. Notturno (Andante)', 257, 273),
(1732, 'Lyric Pieces, Op. 57, Book VI: VI. Hjemve (Andante)', 273, 273),
(1733, 'Lyric Pieces, Op. 68, Book IX: III. For dine födder (Poco andante e molto espressivo)', 183, 273),
(1734, 'Lyric Pieces, Op. 68, Book IX: V. Badnlat (Allegretto tranquillamente)', 207, 273),
(1735, 'Lyric Pieces, Op. 71, Book X: I. Det var engang (Andante con moto - Allegro brioso)', 276, 273),
(1736, 'Lyric Pieces, Op. 71, Book X: VII. Efterklang (Tempo di valse)', 112, 273),
(1737, 'Vaughan Williams: The Lark Ascending', 882, 274),
(1738, 'Elgar: Introduction and Allegro for Strings, Op. 47', 838, 274),
(1739, 'A Shropshire Lad (Rhapsody for Orchestra)', 536, 274),
(1740, 'Delius: 2 Aquarelles: No. 1, Slow. Lento, ma non troppo', 133, 274),
(1741, 'Delius: 2 Aquarelles: No. 2, Gaily, but not Quick', 124, 274),
(1742, 'Warlock: Capriol Suite for Strings: I. Basse-Danse. Allegro moderato', 97, 274),
(1743, 'Warlock: Capriol Suite for Strings: II. Pavane. Allegretto ma un poco lento', 119, 274),
(1744, 'Warlock: Capriol Suite for Strings: III. Tordion. Con moto', 53, 274),
(1745, 'Warlock: Capriol Suite for Strings: IV. Bransles. Presto', 120, 274),
(1746, 'Warlock: Capriol Suite for Strings: V. Pieds-en-l''air. Andante tranquillo', 154, 274),
(1747, 'Warlock: Capriol Suite for Strings: VI. Mattachins (Sword Dance). Allegro con brio', 57, 274),
(1748, 'Vaughan Williams / Orch. Foster: 3 Preludes Founded on Welsh Hymn Tunes: No. 2, Rhosymedre', 239, 274),
(1749, 'Delius: Koanga: La Calinda', 273, 274),
(1750, 'Walton: Henry V: Passacaglia "Death of Falstaff"', 175, 274),
(1751, 'Walton: Henry V: Touch Her Soft Lips and Part', 106, 274),
(1752, 'Vaughan Williams: Five Variants of Dives and Lazarus', 685, 274),
(1753, 'Vaughan Williams: Fantasia on a Theme by Thomas Tallis', 979, 274),
(1754, 'Vaughan Williams / Orch. Jacob: English Folk Song Suite: I. March. Seventeen Come Sunday', 176, 274),
(1755, 'Vaughan Williams / Orch. Jacob: English Folk Song Suite: II. Intermezzo. My Bonny Boy', 172, 274),
(1756, 'Vaughan Williams / Orch. Jacob: English Folk Song Suite: III. March. Folk Songs from Somerset', 183, 274),
(1757, 'Vaughan Williams & Greaves: Fantasia on Greensleeves', 279, 274),
(1758, 'Elgar: Serenade for Strings, Op. 20: I. Allegro piacevole', 238, 274),
(1759, 'Elgar: Serenade for Strings, Op. 20: II. Larghetto', 362, 274),
(1760, 'Elgar: Serenade for Strings, Op. 20: III. Allegretto', 186, 274),
(1761, 'The Banks of Green Willow - Idyll for orchestra - 2007 Remastered Version', 347, 274),
(1762, 'Delius: 2 Pieces for Small Orchestra, RT VI/19: II. Summer Night on the River (Very quietly)', 391, 274),
(1763, 'Elgar: Sospiri, Op. 70', 307, 274),
(1764, 'Delius: 2 Pieces for Small Orchestra: No. 1, On Hearing the First Cuckoo in Spring', 349, 274),
(1765, 'Mid Air', 147, 275),
(1766, '4 Lyric Pieces, Op. 74: No. 1 Ekloge (Eclogue)', 216, 276),
(1767, '4 Lyric Pieces, Op. 74: No. 2 Sanfter Westwind (Gentle West Wind)', 116, 276),
(1768, '4 Lyric Pieces, Op. 74: No. 3 Auf dem Tanzvergnugen (the Pleasures of the Dance)', 104, 276),
(1769, '4 Lyric Pieces, Op. 74: No. 4 Im alten Heim (In the Old Home)', 156, 276),
(1770, '5 Pieces, Op. 75, "the Trees": No. 1 Nar ronnen blommar (When the Rowan Blossoms)', 111, 276),
(1771, '5 Pieces, Op. 75, "the Trees": No. 2 Den ensamna furan (the Lonely Fir)', 163, 276),
(1772, '5 Pieces, Op. 75, "the Trees": No. 3 Aspen', 140, 276),
(1773, '5 Pieces, Op. 75, "the Trees": No. 4 Bjorken (the Birch)', 101, 276),
(1774, '5 Pieces, Op. 75, "the Trees": No. 5 Granen (the Spruce)', 218, 276),
(1775, '13 Pieces, Op. 76: No. 1 Esquisse', 55, 276),
(1776, '13 Pieces, Op. 76: No. 2 Etude', 71, 276),
(1777, '13 Pieces, Op. 76: No. 3 Carillon', 95, 276),
(1778, '13 Pieces, Op. 76: No. 4 Humoresque', 69, 276),
(1779, '13 Pieces, Op. 76: No. 5 Consolation', 126, 276),
(1780, '13 Pieces, Op. 76: No. 6 Romanzetta', 81, 276),
(1781, '13 Pieces, Op. 76: No. 7 Affettuoso', 81, 276),
(1782, '13 Pieces, Op. 76: No. 8 Piece enfantine', 47, 276),
(1783, '13 Pieces, Op. 76: No. 9 Arabesque', 55, 276),
(1784, '13 Pieces, Op. 76: No. 10 Elegiaco', 125, 276),
(1785, '13 Pieces, Op. 76: No. 11 Linnaea (Twinflower of the North)', 112, 276),
(1786, '13 Pieces, Op. 76: No. 12 Capriccietto', 51, 276),
(1787, '13 Pieces, Op. 76: No. 13 Harlequinade', 81, 276),
(1788, '5 Pieces, Op. 85 "the Flowers": No. 1 Bellis', 75, 276),
(1789, '5 Pieces, Op. 85 "the Flowers": No. 2 Oeillet (Carnation)', 94, 276),
(1790, '5 Pieces, Op. 85 "the Flowers": No. 3 Iris', 206, 276),
(1791, '5 Pieces, Op. 85 "the Flowers": No. 4 Aquileja (Aquilegia)', 109, 276),
(1792, '5 Pieces, Op. 85 "the Flowers": No. 5 Campanula', 140, 276),
(1793, '6 Pieces, Op. 94: No. 1 Danse', 59, 276),
(1794, '6 Pieces, Op. 94: No. 2 Nouvellette', 64, 276),
(1795, '6 Pieces, Op. 94: No. 3 Sonnet', 166, 276),
(1796, 'Pièces Lyriques, Op. 12 No. 1: Arietta', 100, 277),
(1797, 'Pièces Lyriques, Op. 43 No. 1: Papillon', 90, 277),
(1798, 'Pièces Lyriques, Op. 43 No. 6: Au Printemps', 201, 277),
(1799, 'Pièces Lyriques, Op. 47 No. 1: Impromptu', 181, 277),
(1800, 'Pièces Lyriques, Op. 47 No. 3: Mélodie', 256, 277),
(1801, 'Pièces Lyriques, Op. 54 No. 2: Marche Des Trolls', 172, 277),
(1802, 'Pièces Lyriques, Op. 54 No. 4: Notturno', 253, 277),
(1803, 'Pièces Lyriques, Op. 57 No. 1: Jours Écoulés', 355, 277),
(1804, 'Pièces Lyriques, Op. 62 No. 4: Ruisseau', 104, 277),
(1805, 'Pièces Lyriques, Op. 68 No. 3: A Tes Pieds', 205, 277),
(1806, 'Pièces Lyriques, Op. 71 No. 3: Lutin', 107, 277),
(1807, 'Pièces Lyriques, Op. 71 No. 7: Son Du Passé-souvenirs', 188, 277),
(1808, 'Concerto en La Mineur, Op. 16: I. Allegro Molto Moderato', 779, 277),
(1809, 'Concerto en La Mineur, Op. 16: II. Adagio', 380, 277),
(1810, 'Concerto en La Mineur, Op. 16: III. Allegro Moderato Molto e Marcato', 611, 277),
(1811, 'Capriccio in F-Sharp Minor, Op. 76, No. 1', 211, 278),
(1812, 'Capriccio in B Minor, Op. 76, No. 2', 213, 278),
(1813, 'Intermezzo in A-Flat Major, Op. 76, No. 3', 147, 278),
(1814, 'Intermezzo in B-Flat Major, Op. 76 No. 4', 142, 278),
(1815, 'Drei Intermezzi, Op. 117: I. Andante moderato', 331, 278),
(1816, 'Drei Intermezzi, Op. 117: II. Andante non troppo e con molto espressione', 315, 278),
(1817, 'Drei Intermezzi, Op. 117: III. Andante con moto', 399, 278),
(1818, 'Sechs Klavierstücke, Op. 118: I. Intermezzo in A Minor', 117, 278),
(1819, 'Sechs Klavierstücke, Op. 118: II. Intermezzo in A Major', 378, 278),
(1820, 'Sechs Klavierstücke, Op. 118: III. Ballade in G Minor', 203, 278),
(1821, 'Sechs Klavierstücke, Op. 118: IV. Intermezzo in F Minor', 165, 278),
(1822, 'Sechs Klavierstücke, Op. 118: V. Romanze in F Major', 252, 278),
(1823, 'Sechs Klavierstücke, Op. 118: VI. Intermezzo in E-Flat Minor', 370, 278),
(1824, 'Suite bergamasque, L. 75 (Arr. for Orchestra): I. Prélude', 257, 279),
(1825, 'Suite bergamasque, L. 75 (Arr. for Orchestra): II. Menuet', 242, 279),
(1826, 'Suite bergamasque, L. 75 (Arr. for Orchestra): III. Clair de lune', 285, 279),
(1827, 'Suite bergamasque, L. 75 (Arr. for Orchestra): IV. Passepied', 227, 279),
(1828, 'Petite suite, L. 65: No. 1, En bateau (Orch. H. Buser)', 227, 279),
(1829, 'Petite Suite: II. Cortege (Arr. H. Büsser for orchestra)', 186, 279),
(1830, 'Petite Suite: III. Menuet (Arr. H. Büsser for orchestra)', 173, 279),
(1831, 'Petite Suite: IV. Ballet (Arr. H. Büsser for orchestra)', 190, 279),
(1832, 'Printemps: I. Tres modéré (Arr. H. Busser for orchestra)', 534, 279),
(1833, 'Printemps: II. Modéré (Arr. H. Busser for orchestra)', 382, 279),
(1834, 'En blanc et noir: I. Avec emportement (Arr. R. Holloway for orchestra)', 288, 279),
(1835, 'En blanc et noir: II. Lent. Sombre (Arr. R. Holloway for orchestra)', 498, 279),
(1836, 'En blanc et noir: III. Scherzando (Arr. R. Holloway for orchestra)', 260, 279),
(1837, 'Symphony in B Minor: I. Allegro ben marcato (Arr. T. Finno for orchestra)', 250, 279),
(1838, 'Symphony in B Minor: II. Un poco lento, cantabile (Arr. T. Finno for orchestra)', 165, 279),
(1839, 'Symphony in B Minor: III. Primo tempo (Arr. T. Finno for orchestra)', 258, 279),
(1840, 'Fanfare for the Common Man', 167, 280),
(1841, 'Appalachian Spring - 1945 Suite: 1. Very slowly', 174, 280),
(1842, 'Appalachian Spring - 1945 Suite: 2. Allegro', 169, 280),
(1843, 'Appalachian Spring - 1945 Suite: 3. Moderato: The Bride and her Intended', 209, 280),
(1844, 'Appalachian Spring - 1945 Suite: 4. Fast: The Revivalist and his Flock', 210, 280),
(1845, 'Appalachian Spring - 1945 Suite: 5. Allegro: Solo Dance of the Bride', 173, 280),
(1846, 'Appalachian Spring - 1945 Suite: 6. Meno mosso', 117, 280),
(1847, 'Appalachian Spring - 1945 Suite: 7. Doppio movimento: Variations on a Shaker Hymn', 163, 280),
(1848, 'Appalachian Spring - 1945 Suite: 8. Moderato: Coda', 186, 280),
(1849, 'Lincoln Portrait, For Speaker And Orchestra', 901, 280),
(1850, 'Quiet City', 519, 280),
(1851, 'Music for Movies: 1. New England Countryside', 367, 280),
(1852, 'Music for Movies: 2. Barley Wagons', 133, 280),
(1853, 'Music for Movies: 3. Sunday Traffic', 147, 280),
(1854, 'Music for Movies: 4. Grovers Corners', 174, 280),
(1855, 'Music for Movies: 5. Threshing Machines', 212, 280),
(1856, 'Ceremonial Fanfare', 218, 280),
(1857, 'Old American Songs Set 1: 4. Simple gifts (Arr. Copland)', 104, 280),
(1858, 'Old American Songs Set 2: 5. Ching-a-ring-ching-chaw (Arr. Copland)', 91, 280),
(1859, 'Old American Songs Set 1: 3. Long time ago (Arr. Copland)', 195, 280),
(1860, 'Old American Songs Set 1: 5. I bought me a cat (Arr. Copland)', 136, 280),
(1861, 'Old American Songs Set 2: 4. At the river (Arr. Copland)', 202, 280),
(1862, 'El salón México', 627, 280),
(1863, 'Dance Symphony: 1. Lento - Molto allegro - Adagio molto', 431, 280),
(1864, 'Dance Symphony: 2. Andante moderato', 271, 280),
(1865, 'Dance Symphony: 3. Allegro vivo', 325, 280),
(1866, 'Rodeo: 1. Buckaroo Holiday', 515, 280),
(1867, 'Rodeo: 2. Corral Nocturne', 211, 280);

INSERT into song_artists (song_id, artist_id) VALUES (1, 1),
(2, 1),
(3, 1),
(4, 1),
(5, 1),
(6, 1),
(7, 1),
(8, 1),
(9, 1),
(10, 1),
(11, 1),
(12, 1),
(13, 2),
(14, 3),
(15, 4),
(16, 4),
(17, 4),
(18, 4),
(19, 4),
(20, 4),
(21, 4),
(22, 4),
(23, 4),
(24, 4),
(25, 4),
(26, 4),
(26, 5),
(27, 4),
(28, 4),
(29, 4),
(30, 4),
(30, 6),
(30, 7),
(31, 4),
(32, 4),
(33, 8),
(33, 9),
(34, 8),
(34, 9),
(35, 8),
(35, 9),
(36, 10),
(37, 11),
(38, 12),
(38, 13),
(38, 14),
(39, 15),
(39, 16),
(40, 1),
(41, 17),
(42, 18),
(43, 18),
(44, 19),
(44, 20),
(44, 21),
(45, 22),
(46, 23),
(47, 23),
(48, 23),
(49, 23),
(50, 23),
(50, 24),
(51, 23),
(52, 23),
(53, 23),
(53, 25),
(54, 23),
(55, 23),
(56, 23),
(56, 26),
(57, 23),
(58, 23),
(58, 27),
(59, 23),
(60, 23),
(61, 23),
(62, 28),
(62, 11),
(63, 29),
(64, 29),
(65, 29),
(66, 29),
(67, 29),
(68, 29),
(69, 29),
(70, 29),
(71, 29),
(72, 29),
(73, 29),
(74, 29),
(75, 29),
(76, 29),
(77, 29),
(78, 30),
(79, 30),
(80, 30),
(81, 30),
(82, 30),
(83, 30),
(84, 30),
(84, 31),
(85, 30),
(86, 30),
(87, 30),
(88, 30),
(89, 30),
(89, 32),
(90, 30),
(91, 30),
(92, 30),
(93, 30),
(94, 30),
(95, 30),
(96, 30),
(97, 30),
(97, 33),
(98, 30),
(99, 30),
(100, 30),
(100, 34),
(101, 35),
(102, 35),
(103, 35),
(104, 35),
(104, 36),
(105, 35),
(106, 35),
(106, 37),
(107, 35),
(108, 35),
(108, 38),
(109, 35),
(110, 35),
(111, 35),
(112, 35),
(113, 35),
(114, 35),
(115, 35),
(115, 39),
(116, 35),
(117, 35),
(118, 35),
(118, 40),
(119, 35),
(120, 35),
(121, 35),
(122, 35),
(123, 35),
(124, 33),
(125, 33),
(126, 33),
(126, 41),
(127, 33),
(128, 33),
(129, 33),
(130, 33),
(130, 42),
(131, 33),
(131, 13),
(132, 33),
(132, 43),
(133, 33),
(134, 33),
(134, 44),
(134, 45),
(135, 33),
(135, 12),
(135, 46),
(136, 33),
(136, 47),
(136, 48),
(137, 33),
(137, 49),
(138, 33),
(138, 50),
(139, 33),
(139, 51),
(140, 33),
(140, 52),
(140, 12),
(141, 33),
(141, 30),
(141, 53),
(142, 33),
(142, 54),
(142, 45),
(143, 55),
(143, 56),
(144, 57),
(144, 53),
(145, 42),
(145, 58),
(146, 59),
(146, 9),
(146, 60),
(147, 61),
(148, 62),
(149, 63),
(150, 63),
(151, 63),
(151, 33),
(152, 63),
(153, 63),
(154, 63),
(155, 63),
(156, 63),
(157, 63),
(158, 63),
(159, 63),
(159, 19),
(160, 63),
(161, 63),
(162, 63),
(163, 63),
(164, 63),
(164, 64),
(165, 63),
(166, 63),
(166, 65),
(167, 63),
(168, 63),
(168, 31),
(169, 63),
(170, 63),
(171, 63),
(171, 66),
(172, 63),
(173, 63),
(174, 63),
(175, 67),
(175, 15),
(176, 68),
(177, 69),
(177, 70),
(177, 71),
(178, 49),
(178, 42),
(179, 49),
(180, 49),
(181, 49),
(181, 53),
(182, 49),
(182, 72),
(182, 33),
(182, 45),
(183, 49),
(184, 49),
(184, 33),
(185, 49),
(186, 49),
(186, 42),
(187, 49),
(187, 45),
(188, 49),
(188, 63),
(189, 49),
(190, 49),
(191, 49),
(191, 73),
(191, 74),
(192, 49),
(192, 75),
(193, 76),
(194, 77),
(195, 77),
(196, 77),
(197, 78),
(198, 78),
(198, 79),
(199, 78),
(200, 78),
(200, 80),
(201, 78),
(202, 78),
(203, 78),
(204, 78),
(205, 78),
(205, 81),
(205, 82),
(206, 78),
(206, 83),
(207, 78),
(208, 78),
(209, 78),
(210, 78),
(211, 78),
(212, 78),
(213, 78),
(214, 78),
(214, 84),
(215, 78),
(215, 85),
(216, 86),
(216, 87),
(217, 86),
(217, 88),
(218, 86),
(219, 86),
(219, 89),
(220, 86),
(220, 90),
(221, 86),
(221, 91),
(222, 86),
(222, 92),
(223, 86),
(223, 87),
(223, 93),
(224, 86),
(225, 86),
(225, 88),
(225, 94),
(226, 86),
(226, 62),
(227, 86),
(228, 86),
(229, 86),
(230, 12),
(230, 95),
(231, 12),
(232, 12),
(233, 12),
(234, 12),
(235, 12),
(236, 12),
(237, 12),
(237, 96),
(238, 12),
(238, 97),
(239, 12),
(240, 12),
(241, 12),
(242, 12),
(243, 12),
(244, 12),
(245, 12),
(245, 53),
(246, 12),
(247, 12),
(247, 95),
(248, 98),
(249, 98),
(250, 98),
(251, 98),
(252, 98),
(253, 98),
(254, 98),
(255, 98),
(256, 98),
(257, 98),
(258, 98),
(259, 99),
(260, 99),
(261, 99),
(262, 99),
(263, 99),
(264, 99),
(265, 99),
(266, 99),
(267, 99),
(268, 99),
(269, 99),
(270, 99),
(271, 99),
(272, 99),
(273, 99),
(274, 17),
(274, 100),
(275, 70),
(276, 70),
(277, 70),
(278, 70),
(279, 70),
(280, 70),
(281, 70),
(282, 70),
(283, 70),
(284, 70),
(285, 70),
(286, 70),
(287, 70),
(288, 101),
(289, 101),
(290, 101),
(291, 101),
(292, 101),
(293, 101),
(294, 101),
(295, 101),
(296, 101),
(297, 101),
(298, 101),
(299, 101),
(300, 102),
(301, 102),
(302, 102),
(303, 102),
(304, 102),
(305, 102),
(306, 102),
(307, 102),
(308, 102),
(309, 102),
(310, 88),
(311, 88),
(312, 88),
(313, 88),
(314, 88),
(315, 88),
(316, 88),
(317, 88),
(318, 88),
(319, 88),
(320, 88),
(321, 88),
(322, 88),
(323, 88),
(324, 88),
(325, 88),
(326, 88),
(327, 103),
(328, 103),
(329, 103),
(330, 103),
(331, 103),
(332, 103),
(333, 103),
(334, 103),
(335, 103),
(336, 103),
(337, 103),
(338, 103),
(339, 104),
(340, 104),
(341, 104),
(342, 104),
(343, 104),
(344, 104),
(345, 104),
(346, 104),
(347, 104),
(348, 104),
(349, 104),
(350, 104),
(351, 105),
(352, 105),
(353, 105),
(354, 105),
(355, 105),
(356, 105),
(357, 105),
(358, 105),
(359, 105),
(360, 105),
(361, 105),
(362, 105),
(363, 105),
(364, 105),
(365, 105),
(366, 105),
(367, 106),
(368, 106),
(369, 106),
(370, 106),
(371, 106),
(372, 106),
(373, 106),
(374, 106),
(375, 106),
(376, 106),
(377, 106),
(378, 106),
(379, 107),
(380, 107),
(380, 70),
(381, 107),
(382, 107),
(383, 107),
(384, 107),
(385, 107),
(386, 107),
(387, 107),
(388, 107),
(389, 107),
(390, 107),
(391, 107),
(392, 22),
(393, 22),
(394, 22),
(394, 108),
(395, 22),
(396, 22),
(397, 22),
(398, 22),
(398, 109),
(398, 53),
(399, 22),
(399, 110),
(399, 80),
(400, 22),
(400, 111),
(400, 33),
(401, 22),
(402, 22),
(402, 30),
(403, 22),
(403, 46),
(404, 22),
(405, 22),
(405, 49),
(406, 22),
(407, 22),
(408, 22),
(409, 42),
(410, 42),
(411, 42),
(412, 42),
(413, 42),
(414, 42),
(415, 42),
(416, 42),
(416, 112),
(417, 42),
(417, 113),
(417, 114),
(418, 42),
(419, 42),
(420, 42),
(420, 115),
(420, 116),
(421, 42),
(421, 53),
(422, 42),
(423, 42),
(424, 42),
(424, 117),
(425, 42),
(425, 118),
(426, 42),
(427, 42),
(428, 42),
(429, 119),
(430, 119),
(431, 119),
(432, 119),
(433, 119),
(434, 119),
(435, 119),
(436, 119),
(437, 119),
(438, 119),
(439, 119),
(440, 119),
(441, 119),
(442, 119),
(443, 119),
(444, 119),
(445, 120),
(446, 120),
(447, 120),
(448, 120),
(449, 120),
(450, 120),
(451, 120),
(452, 120),
(453, 120),
(454, 120),
(455, 120),
(456, 120),
(457, 120),
(458, 121),
(459, 121),
(460, 121),
(461, 121),
(462, 121),
(463, 121),
(464, 121),
(465, 121),
(466, 121),
(467, 121),
(468, 121),
(469, 121),
(470, 122),
(471, 122),
(472, 122),
(473, 122),
(474, 122),
(475, 122),
(476, 122),
(477, 122),
(478, 122),
(479, 123),
(480, 123),
(481, 123),
(482, 123),
(483, 123),
(484, 123),
(485, 123),
(486, 123),
(487, 123),
(488, 123),
(489, 123),
(490, 123),
(491, 123),
(492, 123),
(493, 123),
(494, 123),
(495, 123),
(496, 123),
(497, 123),
(498, 123),
(499, 123),
(500, 123),
(501, 123),
(502, 123),
(503, 123),
(504, 123),
(505, 123),
(506, 124),
(507, 124),
(508, 124),
(509, 124),
(510, 124),
(511, 124),
(512, 124),
(513, 124),
(514, 124),
(515, 124),
(516, 124),
(517, 124),
(518, 125),
(519, 125),
(520, 125),
(521, 125),
(522, 125),
(523, 125),
(524, 125),
(525, 125),
(526, 125),
(527, 125),
(528, 125),
(529, 125),
(530, 125),
(531, 125),
(532, 125),
(533, 126),
(534, 126),
(535, 126),
(536, 126),
(537, 126),
(538, 126),
(539, 126),
(540, 126),
(541, 126),
(542, 126),
(543, 126),
(544, 127),
(545, 127),
(546, 128),
(547, 128),
(548, 128),
(549, 128),
(550, 128),
(551, 128),
(552, 128),
(553, 128),
(554, 129),
(555, 129),
(556, 129),
(557, 129),
(558, 129),
(559, 129),
(560, 129),
(561, 129),
(562, 129),
(563, 129),
(564, 129),
(565, 129),
(566, 130),
(567, 130),
(568, 130),
(569, 130),
(570, 130),
(571, 130),
(572, 130),
(573, 130),
(574, 130),
(575, 130),
(576, 130),
(577, 130),
(578, 130),
(579, 131),
(580, 131),
(581, 131),
(582, 131),
(583, 131),
(584, 131),
(585, 131),
(586, 131),
(587, 131),
(588, 131),
(589, 131),
(590, 132),
(591, 132),
(592, 132),
(593, 132),
(594, 132),
(595, 132),
(596, 132),
(597, 132),
(598, 133),
(599, 133),
(600, 133),
(601, 133),
(602, 133),
(603, 133),
(604, 133),
(605, 133),
(606, 133),
(607, 134),
(608, 134),
(609, 134),
(610, 134),
(611, 134),
(612, 134),
(613, 134),
(614, 134),
(615, 134),
(616, 134),
(617, 135),
(618, 135),
(619, 135),
(620, 135),
(621, 135),
(622, 135),
(623, 135),
(624, 135),
(625, 135),
(626, 135),
(627, 135),
(628, 136),
(629, 136),
(630, 136),
(631, 136),
(632, 136),
(633, 136),
(634, 136),
(635, 136),
(636, 136),
(637, 136),
(638, 136),
(639, 136),
(640, 137),
(641, 137),
(642, 137),
(643, 137),
(644, 137),
(645, 137),
(646, 137),
(647, 137),
(648, 137),
(649, 137),
(650, 137),
(651, 137),
(652, 137),
(653, 138),
(654, 138),
(655, 138),
(656, 138),
(657, 138),
(658, 138),
(659, 138),
(660, 138),
(661, 138),
(662, 138),
(663, 138),
(664, 139),
(665, 4),
(666, 4),
(667, 4),
(668, 4),
(668, 140),
(669, 4),
(670, 4),
(671, 4),
(672, 4),
(673, 4),
(674, 4),
(675, 4),
(676, 4),
(677, 4),
(678, 4),
(679, 4),
(680, 4),
(681, 141),
(681, 142),
(682, 96),
(683, 96),
(684, 143),
(685, 1),
(686, 1),
(687, 1),
(688, 1),
(689, 1),
(690, 1),
(691, 1),
(692, 1),
(693, 1),
(694, 1),
(695, 1),
(696, 144),
(697, 145),
(698, 145),
(699, 145),
(700, 145),
(701, 145),
(702, 145),
(703, 145),
(704, 145),
(705, 145),
(706, 145),
(707, 145),
(708, 145),
(709, 4),
(710, 53),
(711, 53),
(712, 53),
(712, 146),
(713, 53),
(713, 29),
(713, 49),
(714, 53),
(715, 53),
(716, 53),
(716, 42),
(716, 147),
(717, 53),
(718, 53),
(719, 53),
(719, 79),
(720, 53),
(721, 53),
(721, 56),
(722, 53),
(723, 53),
(724, 53),
(724, 42),
(725, 53),
(726, 148),
(727, 148),
(728, 148),
(728, 149),
(729, 148),
(730, 148),
(731, 148),
(731, 150),
(732, 148),
(732, 151),
(733, 148),
(734, 148),
(735, 148),
(736, 148),
(736, 152),
(737, 148),
(738, 148),
(739, 148),
(740, 153),
(741, 154),
(742, 155),
(743, 155),
(744, 155),
(744, 156),
(745, 155),
(746, 155),
(746, 157),
(747, 155),
(748, 155),
(749, 155),
(749, 40),
(750, 155),
(751, 155),
(751, 158),
(752, 155),
(752, 158),
(753, 155),
(753, 159),
(754, 155),
(754, 160),
(755, 155),
(756, 155),
(757, 161),
(758, 161),
(759, 161),
(760, 161),
(761, 161),
(761, 162),
(762, 161),
(762, 163),
(762, 164),
(763, 161),
(763, 89),
(764, 161),
(764, 159),
(765, 161),
(765, 165),
(766, 161),
(766, 166),
(767, 167),
(768, 52),
(769, 168),
(770, 169),
(770, 170),
(771, 171),
(771, 162),
(772, 171),
(773, 172),
(774, 173),
(774, 174),
(774, 175),
(775, 176),
(775, 177),
(776, 176),
(776, 177),
(777, 176),
(777, 177),
(778, 178),
(778, 179),
(779, 162),
(779, 180),
(780, 162),
(780, 181),
(781, 162),
(781, 182),
(782, 162),
(783, 162),
(783, 183),
(784, 162),
(784, 184),
(785, 162),
(785, 185),
(786, 162),
(786, 186),
(786, 187),
(787, 162),
(787, 188),
(788, 162),
(788, 189),
(788, 181),
(789, 162),
(790, 162),
(790, 183),
(791, 162),
(791, 185),
(792, 162),
(793, 162),
(793, 179),
(794, 162),
(794, 180),
(795, 162),
(796, 169),
(796, 165),
(797, 190),
(797, 172),
(798, 175),
(798, 191),
(798, 192),
(799, 164),
(799, 162),
(799, 193),
(800, 194),
(801, 4),
(802, 4),
(803, 4),
(804, 4),
(804, 96),
(805, 4),
(806, 4),
(807, 4),
(808, 4),
(809, 4),
(810, 4),
(811, 4),
(812, 4),
(813, 4),
(814, 12),
(815, 12),
(816, 12),
(817, 12),
(818, 12),
(819, 12),
(820, 12),
(821, 12),
(822, 12),
(823, 12),
(824, 12),
(825, 12),
(826, 12),
(827, 12),
(828, 3),
(829, 3),
(830, 3),
(831, 3),
(832, 3),
(833, 3),
(834, 3),
(835, 3),
(836, 3),
(837, 3),
(838, 3),
(839, 3),
(839, 108),
(840, 3),
(840, 195),
(841, 196),
(842, 196),
(843, 196),
(844, 196),
(845, 196),
(846, 196),
(847, 196),
(847, 197),
(848, 196),
(849, 196),
(850, 196),
(851, 196),
(852, 196),
(853, 196),
(854, 196),
(855, 196),
(856, 196),
(857, 198),
(857, 199),
(858, 200),
(859, 201),
(859, 202),
(860, 203),
(860, 3),
(861, 204),
(862, 204),
(863, 204),
(864, 204),
(865, 204),
(866, 204),
(867, 204),
(868, 204),
(869, 204),
(870, 204),
(871, 204),
(872, 204),
(873, 105),
(874, 105),
(875, 105),
(876, 105),
(877, 105),
(878, 105),
(879, 105),
(880, 105),
(881, 105),
(882, 105),
(883, 105),
(884, 105),
(885, 105),
(886, 105),
(887, 205),
(888, 206),
(889, 206),
(890, 206),
(891, 207),
(892, 207),
(893, 207),
(894, 207),
(895, 208),
(896, 209),
(897, 209),
(898, 209),
(899, 209),
(900, 209),
(901, 209),
(902, 210),
(903, 210),
(904, 210),
(905, 211),
(906, 211),
(907, 211),
(908, 211),
(909, 212),
(910, 213),
(911, 214),
(912, 215),
(913, 216),
(914, 216),
(915, 216),
(916, 216),
(917, 217),
(918, 218),
(919, 219),
(920, 219),
(921, 219),
(922, 219),
(923, 219),
(924, 219),
(925, 220),
(926, 221),
(927, 221),
(928, 221),
(929, 221),
(930, 222),
(931, 222),
(932, 222),
(933, 223),
(934, 224),
(935, 225),
(936, 226),
(937, 226),
(938, 226),
(939, 226),
(940, 226),
(941, 226),
(942, 227),
(943, 228),
(944, 229),
(945, 229),
(946, 229),
(947, 229),
(948, 230),
(949, 231),
(950, 231),
(951, 232),
(952, 233),
(953, 233),
(954, 234),
(955, 234),
(956, 235),
(957, 236),
(958, 237),
(959, 238),
(960, 238),
(961, 238),
(962, 239),
(963, 239),
(964, 240),
(965, 240),
(966, 240),
(967, 241),
(968, 242),
(969, 242),
(970, 243),
(971, 244),
(972, 245),
(973, 246),
(974, 247),
(975, 248),
(976, 249),
(977, 250),
(978, 251),
(979, 252),
(980, 253),
(981, 254),
(982, 255),
(983, 256),
(984, 257),
(985, 258),
(986, 259),
(987, 260),
(988, 261),
(989, 262),
(990, 263),
(991, 263),
(992, 264),
(993, 265),
(994, 266),
(995, 266),
(996, 267),
(997, 267),
(998, 268),
(999, 268),
(1000, 269),
(1001, 263),
(1002, 270),
(1003, 271),
(1004, 272),
(1005, 273),
(1006, 274),
(1007, 274),
(1008, 269),
(1009, 275),
(1010, 276),
(1011, 276),
(1012, 276),
(1013, 276),
(1014, 277),
(1015, 277),
(1016, 278),
(1017, 278),
(1018, 279),
(1019, 280),
(1020, 281),
(1021, 282),
(1022, 283),
(1023, 284),
(1024, 284),
(1025, 284),
(1026, 256),
(1027, 256),
(1028, 256),
(1029, 285),
(1030, 286),
(1031, 287),
(1032, 288),
(1033, 289),
(1034, 290),
(1035, 291),
(1036, 292),
(1037, 293),
(1038, 294),
(1039, 295),
(1040, 296),
(1041, 297),
(1042, 298),
(1043, 299),
(1044, 300),
(1045, 301),
(1045, 302),
(1046, 303),
(1047, 303),
(1048, 303),
(1049, 304),
(1049, 305),
(1050, 306),
(1051, 307),
(1052, 308),
(1053, 308),
(1054, 309),
(1055, 309),
(1056, 309),
(1057, 309),
(1058, 310),
(1059, 311),
(1060, 312),
(1061, 313),
(1062, 314),
(1062, 315),
(1063, 316),
(1064, 317),
(1065, 318),
(1066, 319),
(1067, 320),
(1068, 321),
(1068, 322),
(1069, 323),
(1069, 324),
(1070, 323),
(1070, 324),
(1071, 323),
(1071, 324),
(1072, 323),
(1072, 324),
(1073, 325),
(1074, 325),
(1075, 325),
(1076, 326),
(1077, 326),
(1078, 327),
(1079, 328),
(1079, 329),
(1080, 328),
(1080, 329),
(1081, 330),
(1082, 331),
(1083, 331),
(1084, 332),
(1084, 333),
(1085, 334),
(1086, 334),
(1087, 334),
(1088, 335),
(1089, 335),
(1090, 336),
(1091, 336),
(1092, 336),
(1092, 337),
(1093, 338),
(1094, 339),
(1095, 340),
(1096, 330),
(1097, 330),
(1098, 341),
(1099, 342),
(1100, 342),
(1101, 342),
(1102, 342),
(1103, 342),
(1104, 342),
(1105, 342),
(1106, 342),
(1107, 342),
(1108, 342),
(1109, 342),
(1110, 342),
(1111, 342),
(1112, 342),
(1113, 342),
(1114, 342),
(1114, 343),
(1115, 342),
(1116, 342),
(1117, 342),
(1118, 342),
(1119, 342),
(1119, 344),
(1120, 342),
(1121, 342),
(1122, 342),
(1123, 342),
(1124, 342),
(1125, 342),
(1126, 342),
(1127, 345),
(1128, 345),
(1129, 345),
(1130, 345),
(1131, 345),
(1132, 345),
(1133, 345),
(1134, 345),
(1135, 345),
(1136, 345),
(1137, 345),
(1138, 345),
(1139, 345),
(1140, 345),
(1141, 345),
(1142, 345),
(1143, 345),
(1144, 345),
(1145, 345),
(1146, 345),
(1147, 345),
(1148, 345),
(1149, 345),
(1150, 345),
(1151, 345),
(1152, 345),
(1153, 345),
(1154, 345),
(1155, 345),
(1156, 345),
(1157, 346),
(1158, 346),
(1159, 346),
(1160, 346),
(1161, 346),
(1162, 346),
(1163, 346),
(1164, 346),
(1165, 346),
(1166, 346),
(1167, 346),
(1168, 346),
(1169, 346),
(1170, 346),
(1171, 346),
(1172, 346),
(1173, 346),
(1174, 346),
(1175, 346),
(1176, 347),
(1177, 347),
(1178, 347),
(1179, 347),
(1180, 347),
(1181, 347),
(1182, 347),
(1183, 347),
(1184, 347),
(1185, 347),
(1186, 347),
(1187, 347),
(1188, 347),
(1189, 347),
(1190, 347),
(1191, 347),
(1192, 347),
(1193, 347),
(1194, 347),
(1195, 347),
(1196, 347),
(1197, 347),
(1198, 347),
(1199, 347),
(1200, 347),
(1201, 347),
(1202, 347),
(1203, 347),
(1204, 347),
(1205, 348),
(1206, 348),
(1207, 348),
(1208, 348),
(1209, 348),
(1210, 348),
(1211, 348),
(1212, 348),
(1213, 348),
(1214, 348),
(1215, 348),
(1216, 348),
(1217, 348),
(1218, 348),
(1219, 348),
(1220, 349),
(1221, 350),
(1221, 351),
(1222, 349),
(1222, 350),
(1223, 349),
(1223, 350),
(1224, 349),
(1225, 349),
(1226, 349),
(1227, 349),
(1227, 350),
(1228, 349),
(1229, 349),
(1230, 349),
(1231, 349),
(1231, 350),
(1232, 349),
(1232, 350),
(1232, 351),
(1233, 351),
(1234, 349),
(1235, 349),
(1235, 350),
(1236, 349),
(1237, 351),
(1238, 349),
(1238, 350),
(1238, 351),
(1239, 349),
(1240, 349),
(1240, 351),
(1241, 349),
(1242, 349),
(1242, 350),
(1243, 352),
(1244, 353),
(1245, 353),
(1246, 353),
(1247, 353),
(1248, 353),
(1249, 353),
(1250, 353),
(1251, 353),
(1252, 353),
(1253, 353),
(1254, 353),
(1255, 353),
(1256, 353),
(1257, 353),
(1258, 353),
(1259, 353),
(1260, 353),
(1261, 353),
(1262, 353),
(1263, 353),
(1264, 353),
(1265, 353),
(1266, 354),
(1267, 354),
(1268, 354),
(1269, 354),
(1270, 354),
(1271, 354),
(1272, 354),
(1273, 354),
(1274, 354),
(1275, 354),
(1276, 354),
(1277, 354),
(1278, 354),
(1279, 354),
(1280, 354),
(1281, 354),
(1282, 354),
(1283, 354),
(1284, 354),
(1285, 354),
(1286, 354),
(1287, 354),
(1288, 354),
(1289, 354),
(1290, 354),
(1291, 355),
(1292, 355),
(1293, 355),
(1294, 355),
(1295, 355),
(1296, 355),
(1297, 355),
(1298, 355),
(1299, 355),
(1300, 355),
(1301, 355),
(1302, 355),
(1303, 355),
(1304, 355),
(1305, 355),
(1306, 355),
(1307, 355),
(1308, 355),
(1309, 355),
(1310, 355),
(1311, 355),
(1312, 355),
(1313, 356),
(1314, 356),
(1315, 356),
(1316, 356),
(1317, 356),
(1318, 356),
(1319, 356),
(1320, 356),
(1321, 356),
(1322, 356),
(1323, 356),
(1324, 356),
(1325, 356),
(1326, 356),
(1327, 356),
(1328, 356),
(1329, 356),
(1330, 356),
(1331, 356),
(1332, 356),
(1333, 356),
(1334, 356),
(1335, 356),
(1336, 356),
(1337, 356),
(1338, 356),
(1339, 357),
(1339, 358),
(1339, 359),
(1340, 357),
(1340, 359),
(1340, 358),
(1341, 360),
(1342, 360),
(1343, 360),
(1344, 360),
(1345, 360),
(1346, 360),
(1347, 360),
(1348, 360),
(1349, 360),
(1350, 360),
(1351, 360),
(1352, 360),
(1353, 360),
(1354, 360),
(1355, 360),
(1356, 360),
(1357, 360),
(1358, 360),
(1359, 360),
(1360, 360),
(1361, 360),
(1362, 360),
(1363, 360),
(1364, 360),
(1365, 361),
(1366, 361),
(1367, 361),
(1368, 361),
(1369, 361),
(1370, 361),
(1371, 361),
(1372, 361),
(1373, 361),
(1374, 361),
(1375, 361),
(1376, 361),
(1377, 361),
(1378, 361),
(1379, 361),
(1380, 361),
(1381, 361),
(1382, 361),
(1383, 361),
(1384, 361),
(1385, 361),
(1386, 361),
(1387, 361),
(1388, 361),
(1389, 361),
(1390, 361),
(1391, 361),
(1392, 361),
(1393, 361),
(1394, 361),
(1395, 362),
(1396, 362),
(1397, 362),
(1398, 362),
(1399, 362),
(1400, 362),
(1401, 362),
(1402, 362),
(1403, 362),
(1404, 362),
(1405, 362),
(1406, 362),
(1407, 362),
(1408, 362),
(1409, 362),
(1410, 362),
(1411, 362),
(1412, 362),
(1413, 362),
(1414, 362),
(1415, 362),
(1416, 362),
(1417, 362),
(1418, 362),
(1419, 362),
(1420, 362),
(1421, 362),
(1422, 362),
(1423, 362),
(1424, 362),
(1425, 363),
(1425, 364),
(1426, 363),
(1427, 363),
(1428, 363),
(1429, 363),
(1430, 363),
(1431, 363),
(1432, 363),
(1433, 363),
(1434, 363),
(1435, 363),
(1436, 363),
(1437, 363),
(1438, 363),
(1439, 363),
(1440, 363),
(1441, 363),
(1442, 363),
(1443, 363),
(1444, 363),
(1445, 363),
(1446, 363),
(1447, 363),
(1448, 363),
(1449, 363),
(1450, 363),
(1451, 363),
(1452, 363),
(1453, 365),
(1453, 366),
(1454, 367),
(1454, 368),
(1454, 369),
(1454, 370),
(1454, 371),
(1454, 372),
(1454, 373),
(1455, 365),
(1455, 366),
(1456, 365),
(1456, 366),
(1457, 365),
(1457, 366),
(1458, 365),
(1458, 366),
(1459, 365),
(1459, 366),
(1460, 365),
(1460, 366),
(1461, 365),
(1461, 366),
(1462, 365),
(1462, 366),
(1463, 365),
(1463, 366),
(1464, 365),
(1464, 366),
(1465, 365),
(1465, 366),
(1466, 365),
(1466, 366),
(1467, 365),
(1467, 366),
(1468, 365),
(1468, 366),
(1469, 365),
(1469, 366),
(1470, 365),
(1470, 366),
(1471, 365),
(1471, 366),
(1472, 365),
(1472, 366),
(1473, 365),
(1473, 366),
(1474, 365),
(1474, 366),
(1475, 365),
(1475, 366),
(1476, 374),
(1477, 374),
(1478, 346),
(1479, 346),
(1480, 346),
(1481, 346),
(1482, 346),
(1483, 346),
(1484, 346),
(1485, 346),
(1486, 346),
(1487, 346),
(1488, 346),
(1489, 346),
(1490, 346),
(1491, 346),
(1492, 346),
(1493, 346),
(1494, 375),
(1495, 375),
(1496, 375),
(1497, 375),
(1498, 375),
(1499, 375),
(1500, 375),
(1501, 375),
(1502, 375),
(1503, 375),
(1504, 375),
(1505, 375),
(1506, 375),
(1507, 375),
(1508, 375),
(1509, 375),
(1510, 375),
(1511, 375),
(1512, 375),
(1513, 375),
(1514, 375),
(1515, 375),
(1516, 375),
(1517, 375),
(1518, 375),
(1519, 375),
(1520, 375),
(1521, 375),
(1522, 375),
(1523, 375),
(1524, 376),
(1524, 377),
(1525, 376),
(1525, 377),
(1525, 378),
(1526, 376),
(1526, 377),
(1526, 379),
(1527, 376),
(1527, 377),
(1527, 380),
(1527, 381),
(1528, 376),
(1528, 377),
(1528, 381),
(1528, 382),
(1529, 376),
(1529, 377),
(1530, 376),
(1530, 377),
(1530, 378),
(1531, 376),
(1531, 377),
(1532, 376),
(1532, 377),
(1532, 379),
(1533, 376),
(1533, 377),
(1534, 376),
(1534, 377),
(1534, 383),
(1535, 376),
(1535, 377),
(1535, 379),
(1536, 376),
(1536, 377),
(1537, 376),
(1537, 377),
(1537, 380),
(1538, 376),
(1538, 377),
(1538, 381),
(1539, 376),
(1539, 377),
(1540, 376),
(1540, 377),
(1540, 378),
(1541, 376),
(1541, 377),
(1541, 381),
(1542, 376),
(1542, 377),
(1543, 376),
(1543, 377),
(1543, 381),
(1544, 376),
(1544, 377),
(1545, 376),
(1545, 377),
(1546, 376),
(1546, 377),
(1546, 379),
(1547, 376),
(1547, 377),
(1548, 376),
(1548, 377),
(1549, 376),
(1549, 377),
(1549, 379),
(1550, 376),
(1550, 377),
(1550, 380),
(1551, 376),
(1551, 377),
(1551, 379),
(1552, 376),
(1552, 377),
(1552, 381),
(1553, 376),
(1553, 377),
(1554, 384),
(1555, 384),
(1555, 385),
(1556, 384),
(1557, 384),
(1558, 384),
(1559, 384),
(1560, 384),
(1561, 384),
(1562, 384),
(1563, 384),
(1564, 384),
(1565, 384),
(1566, 384),
(1566, 385),
(1567, 384),
(1567, 385),
(1568, 384),
(1569, 386),
(1569, 387),
(1570, 388),
(1570, 387),
(1571, 389),
(1571, 387),
(1572, 390),
(1572, 387),
(1573, 391),
(1573, 387),
(1574, 391),
(1574, 387),
(1575, 392),
(1575, 387),
(1576, 393),
(1576, 387),
(1577, 394),
(1577, 387),
(1578, 395),
(1578, 387),
(1579, 396),
(1579, 387),
(1580, 391),
(1580, 387),
(1581, 397),
(1581, 387),
(1582, 398),
(1582, 387),
(1583, 399),
(1583, 387),
(1584, 400),
(1584, 387),
(1585, 401),
(1585, 387),
(1586, 349),
(1586, 387),
(1587, 402),
(1587, 387),
(1588, 393),
(1588, 387),
(1589, 393),
(1589, 387),
(1590, 393),
(1590, 387),
(1591, 393),
(1591, 387),
(1592, 393),
(1592, 387),
(1593, 393),
(1593, 387),
(1594, 393),
(1594, 387),
(1595, 393),
(1595, 387),
(1596, 393),
(1596, 387),
(1597, 393),
(1597, 387),
(1598, 393),
(1598, 387),
(1599, 392),
(1599, 403),
(1600, 392),
(1600, 403),
(1601, 392),
(1601, 403),
(1602, 392),
(1602, 403),
(1603, 392),
(1603, 403),
(1604, 392),
(1604, 403),
(1605, 392),
(1605, 403),
(1606, 404),
(1606, 403),
(1607, 404),
(1607, 403),
(1608, 404),
(1608, 403),
(1609, 405),
(1609, 403),
(1610, 405),
(1610, 403),
(1611, 405),
(1611, 403),
(1612, 406),
(1612, 407),
(1613, 408),
(1613, 407),
(1613, 409),
(1613, 410),
(1613, 411),
(1613, 412),
(1613, 413),
(1614, 408),
(1614, 407),
(1614, 414),
(1614, 415),
(1615, 408),
(1615, 407),
(1615, 414),
(1615, 415),
(1616, 408),
(1616, 407),
(1616, 414),
(1616, 415),
(1617, 408),
(1617, 407),
(1617, 414),
(1617, 415),
(1618, 408),
(1618, 407),
(1618, 416),
(1618, 417),
(1619, 418),
(1619, 407),
(1619, 416),
(1620, 406),
(1620, 407),
(1620, 419),
(1621, 420),
(1621, 421),
(1621, 422),
(1621, 423),
(1621, 407),
(1622, 420),
(1622, 421),
(1622, 407),
(1623, 424),
(1623, 407),
(1623, 425),
(1623, 409),
(1623, 426),
(1623, 410),
(1623, 427),
(1623, 412),
(1623, 411),
(1623, 428),
(1623, 429),
(1624, 430),
(1624, 407),
(1624, 409),
(1624, 412),
(1624, 410),
(1624, 411),
(1624, 425),
(1624, 426),
(1624, 431),
(1624, 427),
(1624, 429),
(1624, 429),
(1624, 429),
(1625, 392),
(1625, 432),
(1626, 392),
(1626, 432),
(1627, 392),
(1627, 432),
(1628, 392),
(1628, 432),
(1629, 392),
(1629, 432),
(1630, 392),
(1630, 432),
(1631, 392),
(1631, 432),
(1632, 392),
(1632, 432),
(1633, 392),
(1633, 432),
(1634, 392),
(1634, 432),
(1635, 392),
(1635, 432),
(1636, 392),
(1636, 432),
(1637, 392),
(1637, 432),
(1638, 392),
(1638, 432),
(1639, 392),
(1639, 432),
(1640, 392),
(1640, 432),
(1641, 392),
(1641, 432),
(1642, 392),
(1642, 432),
(1643, 392),
(1643, 432),
(1644, 392),
(1644, 432),
(1645, 392),
(1645, 432),
(1646, 392),
(1646, 432),
(1647, 392),
(1647, 432),
(1648, 392),
(1648, 432),
(1649, 433),
(1649, 432),
(1650, 392),
(1650, 432),
(1651, 392),
(1651, 432),
(1652, 392),
(1652, 432),
(1653, 433),
(1653, 432),
(1654, 392),
(1654, 432),
(1655, 398),
(1655, 434),
(1656, 435),
(1656, 434),
(1657, 386),
(1657, 434),
(1658, 386),
(1658, 434),
(1659, 386),
(1659, 434),
(1660, 436),
(1660, 434),
(1661, 436),
(1661, 434),
(1661, 437),
(1662, 436),
(1662, 434),
(1662, 437),
(1663, 435),
(1663, 434),
(1664, 388),
(1664, 434),
(1665, 386),
(1665, 434),
(1666, 436),
(1666, 434),
(1667, 386),
(1667, 434),
(1668, 386),
(1668, 434),
(1669, 438),
(1669, 434),
(1670, 435),
(1670, 434),
(1671, 393),
(1671, 434),
(1671, 439),
(1671, 440),
(1672, 441),
(1672, 442),
(1672, 443),
(1672, 444),
(1673, 441),
(1673, 442),
(1673, 443),
(1673, 444),
(1674, 441),
(1674, 445),
(1674, 443),
(1674, 444),
(1675, 441),
(1675, 443),
(1675, 444),
(1676, 441),
(1676, 443),
(1676, 444),
(1677, 441),
(1677, 443),
(1677, 444),
(1678, 441),
(1678, 443),
(1678, 444),
(1679, 441),
(1679, 443),
(1679, 444),
(1679, 442),
(1680, 441),
(1680, 446),
(1680, 443),
(1680, 444),
(1681, 441),
(1681, 442),
(1681, 443),
(1681, 444),
(1682, 441),
(1682, 443),
(1682, 444),
(1683, 441),
(1683, 443),
(1683, 444),
(1684, 441),
(1684, 442),
(1684, 443),
(1684, 444),
(1685, 441),
(1685, 443),
(1685, 444),
(1686, 441),
(1686, 442),
(1686, 443),
(1686, 444),
(1687, 441),
(1687, 443),
(1687, 444),
(1688, 441),
(1688, 447),
(1688, 443),
(1688, 444),
(1689, 441),
(1689, 442),
(1689, 443),
(1689, 444),
(1690, 441),
(1690, 442),
(1690, 443),
(1690, 444),
(1691, 448),
(1691, 449),
(1692, 448),
(1692, 449),
(1693, 448),
(1693, 450),
(1693, 451),
(1694, 448),
(1694, 449),
(1695, 448),
(1695, 449),
(1696, 448),
(1696, 450),
(1696, 451),
(1697, 448),
(1697, 449),
(1698, 448),
(1698, 449),
(1699, 448),
(1699, 449),
(1700, 448),
(1700, 449),
(1701, 448),
(1701, 449),
(1702, 448),
(1702, 449),
(1703, 448),
(1703, 450),
(1703, 451),
(1704, 448),
(1704, 449),
(1705, 448),
(1705, 449),
(1706, 448),
(1706, 450),
(1706, 451),
(1707, 448),
(1707, 449),
(1708, 452),
(1708, 453),
(1709, 392),
(1709, 454),
(1710, 392),
(1710, 454),
(1711, 392),
(1711, 454),
(1712, 392),
(1712, 454),
(1713, 392),
(1713, 454),
(1714, 392),
(1714, 454),
(1715, 392),
(1715, 454),
(1716, 392),
(1716, 454),
(1717, 392),
(1717, 454),
(1718, 392),
(1718, 454),
(1719, 392),
(1719, 454),
(1720, 392),
(1720, 454),
(1721, 392),
(1721, 454),
(1722, 398),
(1722, 455),
(1722, 456),
(1722, 457),
(1723, 398),
(1723, 455),
(1723, 456),
(1723, 457),
(1724, 398),
(1724, 455),
(1724, 456),
(1724, 457),
(1725, 398),
(1725, 455),
(1726, 398),
(1726, 455),
(1727, 398),
(1727, 455),
(1728, 398),
(1728, 455),
(1729, 398),
(1729, 455),
(1730, 398),
(1730, 455),
(1731, 398),
(1731, 455),
(1732, 398),
(1732, 455),
(1733, 398),
(1733, 455),
(1734, 398),
(1734, 455),
(1735, 398),
(1735, 455),
(1736, 398),
(1736, 455),
(1737, 458),
(1737, 459),
(1737, 460),
(1737, 461),
(1738, 408),
(1738, 462),
(1738, 463),
(1739, 464),
(1739, 465),
(1739, 466),
(1740, 467),
(1740, 468),
(1740, 469),
(1741, 467),
(1741, 468),
(1741, 469),
(1742, 470),
(1742, 466),
(1742, 465),
(1743, 470),
(1743, 466),
(1743, 465),
(1744, 470),
(1744, 466),
(1744, 465),
(1745, 470),
(1745, 466),
(1745, 465),
(1746, 470),
(1746, 466),
(1746, 465),
(1747, 470),
(1747, 466),
(1747, 465),
(1748, 458),
(1748, 468),
(1748, 469),
(1749, 467),
(1749, 471),
(1749, 462),
(1750, 472),
(1750, 468),
(1750, 469),
(1751, 472),
(1751, 468),
(1751, 469),
(1752, 458),
(1752, 473),
(1752, 474),
(1752, 475),
(1753, 458),
(1753, 463),
(1753, 462),
(1754, 458),
(1754, 414),
(1754, 459),
(1755, 458),
(1755, 414),
(1755, 459),
(1756, 458),
(1756, 414),
(1756, 459),
(1757, 458),
(1757, 463),
(1757, 462),
(1758, 408),
(1758, 462),
(1758, 463),
(1759, 408),
(1759, 462),
(1759, 463),
(1760, 408),
(1760, 462),
(1760, 463),
(1761, 464),
(1761, 476),
(1761, 414),
(1762, 467),
(1762, 477),
(1762, 478),
(1763, 408),
(1763, 462),
(1763, 461),
(1764, 467),
(1764, 478),
(1764, 477),
(1765, 479),
(1766, 480),
(1766, 481),
(1767, 480),
(1767, 481),
(1768, 480),
(1768, 481),
(1769, 480),
(1769, 481),
(1770, 480),
(1770, 481),
(1771, 480),
(1771, 481),
(1772, 480),
(1772, 481),
(1773, 480),
(1773, 481),
(1774, 480),
(1774, 481),
(1775, 480),
(1775, 481),
(1776, 480),
(1776, 481),
(1777, 480),
(1777, 481),
(1778, 480),
(1778, 481),
(1779, 480),
(1779, 481),
(1780, 480),
(1780, 481),
(1781, 480),
(1781, 481),
(1782, 480),
(1782, 481),
(1783, 480),
(1783, 481),
(1784, 480),
(1784, 481),
(1785, 480),
(1785, 481),
(1786, 480),
(1786, 481),
(1787, 480),
(1787, 481),
(1788, 480),
(1788, 481),
(1789, 480),
(1789, 481),
(1790, 480),
(1790, 481),
(1791, 480),
(1791, 481),
(1792, 480),
(1792, 481),
(1793, 480),
(1793, 481),
(1794, 480),
(1794, 481),
(1795, 480),
(1795, 481),
(1796, 398),
(1796, 482),
(1797, 398),
(1797, 482),
(1798, 398),
(1798, 482),
(1799, 398),
(1799, 482),
(1800, 398),
(1800, 482),
(1801, 398),
(1801, 482),
(1802, 398),
(1802, 482),
(1803, 398),
(1803, 482),
(1804, 398),
(1804, 482),
(1805, 398),
(1805, 482),
(1806, 398),
(1806, 482),
(1807, 398),
(1807, 482),
(1808, 398),
(1808, 482),
(1808, 483),
(1808, 484),
(1809, 398),
(1809, 482),
(1809, 484),
(1809, 483),
(1810, 398),
(1810, 482),
(1810, 483),
(1810, 484),
(1811, 436),
(1811, 485),
(1812, 436),
(1812, 485),
(1813, 436),
(1813, 485),
(1814, 436),
(1814, 485),
(1815, 436),
(1815, 485),
(1816, 436),
(1816, 485),
(1817, 436),
(1817, 485),
(1818, 436),
(1818, 485),
(1819, 436),
(1819, 485),
(1820, 436),
(1820, 485),
(1821, 436),
(1821, 485),
(1822, 436),
(1822, 485),
(1823, 436),
(1823, 485),
(1824, 391),
(1824, 486),
(1824, 487),
(1825, 391),
(1825, 486),
(1825, 487),
(1826, 391),
(1826, 486),
(1826, 487),
(1827, 391),
(1827, 486),
(1827, 487),
(1828, 391),
(1828, 486),
(1828, 487),
(1829, 391),
(1829, 486),
(1829, 487),
(1830, 391),
(1830, 486),
(1830, 487),
(1831, 391),
(1831, 486),
(1831, 487),
(1832, 391),
(1832, 486),
(1832, 487),
(1833, 391),
(1833, 486),
(1833, 487),
(1834, 391),
(1834, 486),
(1834, 487),
(1835, 391),
(1835, 486),
(1835, 487),
(1836, 391),
(1836, 486),
(1836, 487),
(1837, 391),
(1837, 486),
(1837, 487),
(1838, 391),
(1838, 486),
(1838, 487),
(1839, 391),
(1839, 486),
(1839, 487),
(1840, 488),
(1840, 489),
(1840, 490),
(1841, 488),
(1841, 489),
(1841, 490),
(1842, 488),
(1842, 489),
(1842, 490),
(1843, 488),
(1843, 489),
(1843, 490),
(1844, 488),
(1844, 489),
(1844, 490),
(1845, 488),
(1845, 489),
(1845, 490),
(1846, 488),
(1846, 489),
(1846, 490),
(1847, 488),
(1847, 489),
(1847, 490),
(1848, 488),
(1848, 489),
(1848, 490),
(1849, 488),
(1849, 491),
(1849, 489),
(1849, 490),
(1850, 488),
(1850, 492),
(1850, 493),
(1850, 468),
(1850, 469),
(1851, 488),
(1851, 494),
(1851, 495),
(1852, 488),
(1852, 494),
(1852, 495),
(1853, 488),
(1853, 494),
(1853, 495),
(1854, 488),
(1854, 494),
(1854, 495),
(1855, 488),
(1855, 494),
(1855, 495),
(1856, 488),
(1856, 496),
(1857, 406),
(1857, 488),
(1857, 497),
(1857, 450),
(1857, 498),
(1858, 406),
(1858, 488),
(1858, 497),
(1858, 450),
(1858, 498),
(1859, 406),
(1859, 488),
(1859, 497),
(1859, 450),
(1859, 498),
(1860, 406),
(1860, 488),
(1860, 497),
(1860, 450),
(1860, 498),
(1861, 406),
(1861, 488),
(1861, 497),
(1861, 450),
(1861, 498),
(1862, 488),
(1862, 499),
(1862, 500),
(1863, 488),
(1863, 499),
(1863, 500),
(1864, 488),
(1864, 499),
(1864, 500),
(1865, 488),
(1865, 499),
(1865, 500),
(1866, 488),
(1866, 499),
(1866, 500),
(1867, 488),
(1867, 499),
(1867, 500);

INSERT into playlist_groups (id, title, open) VALUES (1, 'Spotify 플레이리스트', true),
(2, '수면', false),
(3, '집중', true),
(4, '준비중', true);

INSERT into playlists (id, title, subtitle, image, group_id) VALUES (1, 'Today''s Top Hits', 'Olivia Rodrigo is on top of the Hottest 50!', 'https://i.scdn.co/image/ab67706f00000002e6391ab695e3af9b295d27ef', 1),
(2, 'RapCaviar', 'New music from Cardi B, Megan Thee Stallion and Young Nudy.', 'https://i.scdn.co/image/ab67706f00000002fda63fecf4713dedb197e78a', 1),
(3, 'All Out 2010s', 'The biggest songs of the 2010s.', 'https://i.scdn.co/image/ab67706f00000002b0fe40a6e1692822f5a9d8f1', 1),
(4, 'Rock Classics', 'Rock legends & epic songs that continue to inspire generations. Cover: Foo Fighters', 'https://i.scdn.co/image/ab67706f0000000278b4745cb9ce8ffe32daaf7e', 1),
(5, 'Chill Hits', 'Kick back to the best new and recent chill hits.', 'https://i.scdn.co/image/ab67706f00000002b60db5d1bcdd9c4fd1ebcffe', 1),
(6, 'Viva Latino', 'Today''s top Latin hits, elevando nuestra música. Cover: Mora', 'https://i.scdn.co/image/ab67706f000000021e3a8455559f95e9f26ac9cb', 1),
(7, 'Mega Hit Mix', 'A mega mix of 75 favorites from the last few years!', 'https://i.scdn.co/image/ab67706f00000002db32a17c1f5291b19317b62e', 1),
(8, 'Sleep', 'Gentle Ambient piano to help you fall asleep.', 'https://i.scdn.co/image/ab67706f0000000281722192322800ae99c2ed06', 2),
(9, 'DayDreamer', 'Drift away with enthralling instrumentals.', 'https://i.scdn.co/image/ab67706f00000002d2291e0c5d43a1b21a941031', 2),
(10, 'Peaceful Piano', 'Peaceful piano to help you slow down, breathe, and relax.', 'https://i.scdn.co/image/ab67706f00000002d073e656e546e43bc387ad79', 3),
(11, 'Deep Focus', 'Keep calm and focus with ambient and post-rock music.', 'https://i.scdn.co/image/ab67706f00000002d6d48b11fd3b11da654c3519', 3),
(12, 'Instrumental Study', 'Focus with soft study music in the background.', 'https://i.scdn.co/image/ab67706f00000002fe24d7084be472288cd6ee6c', 3),
(13, 'Focus Flow', 'Uptempo instrumental hip hop beats.', 'https://i.scdn.co/image/ab67706f00000002724554ed6bed6f051d9b0bfc', 3),
(14, 'Beats to think to', 'Focus with melodic techno and tech house.', 'https://i.scdn.co/image/ab67706f0000000296e08a91ef3c7a6e7bfaa9a6', 3),
(15, 'Reading Adventure', 'Scores and soundtracks for daring quests, epic journeys, and the greatest reading adventures.', 'https://i.scdn.co/image/ab67706f00000002fee0aa7c6bfc815873e45f9e', 3),
(16, 'Relaxing Reading', 'Gentle instrumental music to help you relax while you read.', 'https://i.scdn.co/image/ab67706f00000002ba1149f135035bc23c4a7f25', 3);

INSERT into playlist_songs (playlist_id, song_id) VALUES(1, 8),
(1, 13),
(1, 14),
(1, 16),
(1, 34),
(1, 36),
(1, 37),
(1, 38),
(1, 39),
(1, 2),
(1, 41),
(1, 43),
(1, 44),
(1, 45),
(1, 56),
(1, 62),
(1, 68),
(1, 79),
(1, 122),
(2, 131),
(2, 68),
(2, 143),
(2, 39),
(2, 144),
(2, 145),
(2, 13),
(2, 146),
(2, 147),
(2, 148),
(2, 149),
(2, 175),
(2, 176),
(2, 133),
(2, 177),
(2, 186),
(2, 193),
(2, 194),
(2, 214),
(3, 219),
(3, 230),
(3, 251),
(3, 261),
(3, 17),
(3, 274),
(3, 283),
(3, 291),
(3, 301),
(3, 312),
(3, 330),
(3, 340),
(3, 355),
(3, 367),
(3, 379),
(3, 397),
(3, 305),
(3, 420),
(3, 435),
(4, 452),
(4, 466),
(4, 474),
(4, 480),
(4, 516),
(4, 518),
(4, 533),
(4, 544),
(4, 548),
(4, 554),
(4, 569),
(4, 582),
(4, 593),
(4, 598),
(4, 607),
(4, 619),
(4, 629),
(4, 642),
(4, 659),
(5, 41),
(5, 32),
(5, 378),
(5, 672),
(5, 141),
(5, 681),
(5, 682),
(5, 684),
(5, 686),
(5, 79),
(5, 696),
(5, 706),
(5, 709),
(5, 716),
(5, 733),
(5, 740),
(5, 344),
(5, 91),
(5, 741),
(6, 746),
(6, 122),
(6, 761),
(6, 767),
(6, 768),
(6, 759),
(6, 769),
(6, 770),
(6, 771),
(6, 773),
(6, 774),
(6, 775),
(6, 778),
(6, 793),
(6, 796),
(6, 797),
(6, 798),
(6, 799),
(6, 800),
(7, 803),
(7, 822),
(7, 839),
(7, 854),
(7, 857),
(7, 274),
(7, 340),
(7, 291),
(7, 666),
(7, 355),
(7, 397),
(7, 858),
(7, 859),
(7, 689),
(7, 17),
(7, 860),
(7, 864),
(7, 706),
(7, 874),
(8, 887),
(8, 890),
(8, 894),
(8, 895),
(8, 899),
(8, 903),
(8, 908),
(8, 909),
(8, 910),
(8, 911),
(8, 912),
(8, 916),
(8, 917),
(8, 918),
(8, 923),
(8, 925),
(8, 929),
(8, 931),
(8, 933),
(9, 934),
(9, 935),
(9, 937),
(9, 942),
(9, 943),
(9, 945),
(9, 948),
(9, 950),
(9, 951),
(9, 953),
(9, 954),
(9, 956),
(9, 957),
(9, 958),
(9, 960),
(9, 963),
(9, 966),
(9, 967),
(9, 969),
(10, 970),
(10, 971),
(10, 972),
(10, 973),
(10, 974),
(10, 975),
(10, 976),
(10, 977),
(10, 978),
(10, 979),
(10, 980),
(10, 981),
(10, 982),
(10, 983),
(10, 984),
(10, 985),
(10, 986),
(10, 987),
(10, 988),
(11, 989),
(11, 991),
(11, 992),
(11, 993),
(11, 994),
(11, 997),
(11, 998),
(11, 1000),
(11, 1001),
(11, 1002),
(11, 1003),
(11, 1004),
(11, 1005),
(11, 1007),
(11, 1008),
(11, 1009),
(11, 1010),
(11, 1014),
(11, 1017),
(12, 1018),
(12, 1019),
(12, 1020),
(12, 1021),
(12, 1022),
(12, 1023),
(12, 1026),
(12, 1029),
(12, 1030),
(12, 1031),
(12, 1032),
(12, 1033),
(12, 1034),
(12, 1035),
(12, 1036),
(12, 1037),
(12, 1038),
(12, 1039),
(12, 1040),
(13, 1041),
(13, 1042),
(13, 1043),
(13, 1044),
(13, 1045),
(13, 1047),
(13, 1049),
(13, 1050),
(13, 1051),
(13, 1053),
(13, 1057),
(13, 1058),
(13, 1059),
(13, 1060),
(13, 1061),
(13, 1062),
(13, 1063),
(13, 1064),
(13, 1065),
(14, 1066),
(14, 1067),
(14, 1068),
(14, 1069),
(14, 1074),
(14, 1076),
(14, 1078),
(14, 1079),
(14, 1081),
(14, 1082),
(14, 1084),
(14, 1085),
(14, 1088),
(14, 1091),
(14, 1093),
(14, 1094),
(14, 1095),
(14, 1096),
(14, 1098),
(15, 1100),
(15, 1153),
(15, 1157),
(15, 1176),
(15, 1206),
(15, 1225),
(15, 1243),
(15, 1252),
(15, 1279),
(15, 1294),
(15, 1338),
(15, 1346),
(15, 1376),
(15, 1395),
(15, 1436),
(15, 1453),
(15, 1478),
(15, 1502),
(15, 1548),
(15, 1567),
(15, 1602),
(15, 1620),
(15, 1628),
(15, 1655),
(15, 1672),
(15, 1691),
(15, 1561),
(15, 1712),
(15, 1732),
(15, 1764),
(15, 1765),
(15, 1774),
(15, 841),
(15, 1800),
(15, 1819),
(15, 1828),
(15, 1841);
